Obs,sex,age,address,studytime,failures,schoolsup,famsup,paid,nursery,higher,internet,romantic,famrel,freetime,goout,Dalc,Walc,health,absences,G1,G2,G3,Gavg,alc
1,F,18,U,2,0,yes,no,no,yes,yes,no,no,4,3,4,1,1,3,6,5,6,6,5.67,1
2,F,17,U,2,0,no,yes,no,no,yes,yes,no,5,3,3,1,1,3,4,5,5,6,5.33,1
3,F,15,U,2,3,yes,no,yes,yes,yes,yes,no,4,3,2,2,3,3,10,7,8,10,8.33,3
4,F,15,U,3,0,no,yes,yes,yes,yes,yes,yes,3,2,2,1,1,5,2,15,14,15,14.67,1
5,F,16,U,2,0,no,yes,yes,yes,yes,no,no,4,3,2,1,2,5,4,6,10,10,8.67,2
6,M,16,U,2,0,no,yes,yes,yes,yes,yes,no,5,4,2,1,2,5,10,15,15,15,15,2
7,M,16,U,2,0,no,no,no,yes,yes,yes,no,4,4,4,1,1,3,0,12,12,11,11.67,1
8,F,17,U,2,0,yes,yes,no,yes,yes,no,no,4,1,4,1,1,1,6,6,5,6,5.67,1
9,M,15,U,2,0,no,yes,yes,yes,yes,yes,no,4,2,2,1,1,1,0,16,18,19,17.67,1
10,M,15,U,2,0,no,yes,yes,yes,yes,yes,no,5,5,1,1,1,5,0,14,15,15,14.67,1
11,F,15,U,2,0,no,yes,yes,yes,yes,yes,no,3,3,3,1,2,2,0,10,8,9,9,2
12,F,15,U,3,0,no,yes,no,yes,yes,yes,no,5,2,2,1,1,4,4,10,12,12,11.33,1
13,M,15,U,1,0,no,yes,yes,yes,yes,yes,no,4,3,3,1,3,5,2,14,14,14,14,2
14,M,15,U,2,0,no,yes,yes,yes,yes,yes,no,5,4,3,1,2,3,2,10,10,11,10.33,2
15,M,15,U,3,0,no,yes,no,yes,yes,yes,yes,4,5,2,1,1,3,0,14,16,16,15.33,1
16,F,16,U,1,0,no,yes,no,yes,yes,yes,no,4,4,4,1,2,2,4,14,14,14,14,2
17,F,16,U,3,0,no,yes,yes,yes,yes,yes,no,3,2,3,1,2,2,6,13,14,14,13.67,2
18,F,16,U,2,0,yes,yes,no,yes,yes,no,no,5,3,2,1,1,4,4,8,10,10,9.33,1
19,M,17,U,1,3,no,yes,no,yes,yes,yes,no,5,5,5,2,4,5,16,6,5,5,5.33,3
20,M,16,U,1,0,no,no,yes,yes,yes,yes,no,3,1,3,1,3,5,4,8,10,10,9.33,2
21,M,15,U,2,0,no,no,no,yes,yes,yes,no,4,4,1,1,1,1,0,13,14,15,14,1
22,M,15,U,1,0,no,yes,yes,yes,yes,yes,no,5,4,2,1,1,5,0,12,15,15,14,1
23,M,16,U,2,0,no,no,no,yes,yes,yes,no,4,5,1,1,3,5,2,15,15,16,15.33,2
24,M,16,U,2,0,no,yes,no,yes,yes,yes,no,5,4,4,2,4,5,0,13,13,12,12.67,3
25,F,15,R,3,0,yes,yes,yes,yes,yes,yes,no,4,3,2,1,1,5,2,10,9,8,9,1
26,F,16,U,1,2,no,yes,yes,no,yes,yes,no,1,2,2,1,3,5,14,6,9,8,7.67,2
27,M,15,U,1,0,no,yes,yes,yes,yes,yes,no,4,2,2,1,2,5,2,12,12,11,11.67,2
28,M,15,U,1,0,no,no,yes,yes,yes,yes,no,2,2,4,2,4,1,4,15,16,15,15.33,3
29,M,16,U,2,0,yes,yes,no,yes,yes,yes,no,5,3,3,1,1,5,4,11,11,11,11,1
30,M,16,U,2,0,no,yes,yes,yes,yes,yes,yes,4,4,5,5,5,5,16,10,12,11,11,5
31,M,15,U,2,0,no,yes,yes,no,yes,yes,no,5,4,2,3,4,5,0,9,11,12,10.67,4
32,M,15,U,2,0,no,yes,no,yes,yes,yes,no,4,3,1,1,1,5,0,17,16,17,16.67,1
33,M,15,R,2,0,no,yes,no,yes,yes,yes,yes,4,5,2,1,1,5,0,17,16,16,16.33,1
34,M,15,U,2,0,no,no,no,no,yes,yes,no,5,3,2,1,1,2,0,8,10,12,10,1
35,M,16,U,1,0,no,yes,yes,no,yes,yes,no,5,4,3,1,1,5,0,12,14,15,13.67,1
36,F,15,U,1,0,no,yes,no,yes,yes,no,no,3,5,1,1,1,5,0,8,7,6,7,1
37,M,15,U,3,0,no,yes,no,yes,yes,yes,no,5,4,3,1,1,4,2,15,16,18,16.33,1
38,M,16,R,3,0,no,yes,no,yes,yes,yes,yes,2,4,3,1,1,5,7,15,16,15,15.33,1
39,F,15,R,3,0,yes,yes,yes,yes,yes,yes,no,4,3,2,1,1,5,2,12,12,11,11.67,1
40,F,15,R,1,0,yes,yes,yes,yes,yes,no,no,4,3,1,1,1,2,8,14,13,13,13.33,1
41,F,16,U,2,1,no,yes,no,no,yes,yes,yes,3,3,3,1,2,3,25,7,10,11,9.33,2
42,M,15,U,1,0,no,yes,no,no,yes,yes,yes,5,4,3,2,4,5,8,12,12,12,12,3
43,M,15,U,2,0,no,yes,no,yes,yes,yes,no,4,3,3,1,1,5,2,19,18,18,18.33,1
44,M,15,U,1,0,yes,yes,no,yes,yes,yes,no,5,4,1,1,1,1,0,8,8,11,9,1
45,F,16,U,2,1,yes,no,no,yes,yes,yes,no,4,3,3,2,2,5,14,10,10,9,9.67,2
46,F,15,U,2,0,yes,yes,yes,yes,yes,yes,yes,5,2,2,1,1,5,8,8,8,6,7.33,1
47,F,16,U,2,0,no,yes,no,yes,yes,yes,no,2,3,5,1,4,3,12,11,12,11,11.33,3
48,M,16,U,4,0,no,no,no,yes,yes,yes,no,4,2,2,1,1,2,4,19,19,20,19.33,1
49,M,15,U,2,0,no,yes,yes,yes,yes,no,no,4,3,3,2,2,5,2,15,15,14,14.67,2
50,F,15,U,2,1,yes,yes,no,no,yes,yes,no,4,4,4,1,1,3,2,7,7,7,7,1
51,F,16,U,2,0,no,yes,yes,yes,yes,yes,no,4,3,3,2,3,4,2,12,13,13,12.67,3
52,F,15,U,2,0,no,yes,yes,yes,yes,yes,no,4,3,3,1,1,5,2,11,13,13,12.33,1
53,M,15,U,1,1,no,no,no,yes,yes,no,no,5,5,5,3,4,5,6,11,11,10,10.67,4
54,F,15,U,1,0,yes,yes,yes,yes,yes,yes,no,3,3,4,2,3,5,0,8,10,11,9.67,3
55,F,15,U,1,0,no,no,yes,yes,yes,yes,no,5,3,4,4,4,1,6,10,13,13,12,4
56,F,16,U,2,0,no,no,yes,yes,yes,yes,yes,5,3,4,1,1,2,8,8,9,10,9,1
57,F,15,U,2,0,no,yes,yes,yes,yes,yes,no,4,3,2,1,1,1,0,14,15,15,14.67,1
58,M,15,U,2,0,no,yes,no,yes,yes,no,no,3,2,2,1,1,5,4,14,15,15,14.67,1
59,M,15,U,2,0,yes,yes,no,yes,yes,yes,no,4,3,2,1,1,5,2,9,10,9,9.33,1
60,F,16,U,2,0,no,yes,no,yes,yes,yes,no,4,2,3,1,1,5,2,15,16,16,15.67,1
61,F,16,R,2,0,no,yes,no,yes,yes,no,no,2,4,4,2,3,4,6,10,11,11,10.67,3
62,F,16,U,1,0,yes,yes,no,no,yes,yes,yes,5,5,5,5,5,5,6,10,8,11,9.67,5
63,F,16,U,2,0,yes,no,no,yes,yes,yes,no,4,4,3,1,1,1,4,8,10,9,9,1
64,F,16,U,3,0,yes,yes,yes,yes,yes,yes,no,3,4,4,2,4,4,2,10,9,9,9.33,3
65,F,15,U,2,0,yes,no,no,yes,yes,yes,yes,4,4,4,2,4,2,0,10,10,10,10,3
66,F,16,U,2,0,no,yes,no,yes,yes,yes,no,5,4,3,1,2,1,2,16,15,15,15.33,2
67,M,15,U,4,0,no,yes,no,no,yes,yes,yes,1,3,3,5,5,3,4,13,13,12,12.67,5
68,F,16,U,4,0,yes,yes,yes,yes,yes,yes,no,4,3,3,1,2,5,4,7,7,6,6.67,2
69,F,15,R,2,0,yes,yes,yes,yes,yes,yes,no,4,1,3,1,3,4,2,8,9,8,8.33,2
70,F,15,R,4,0,no,yes,no,no,yes,yes,no,4,4,2,2,3,3,12,16,16,16,16,3
71,M,16,U,4,0,no,yes,yes,yes,yes,yes,no,4,3,2,1,1,5,0,13,15,15,14.33,1
72,M,15,U,4,0,no,no,no,yes,yes,yes,no,3,3,3,1,1,3,0,10,10,10,10,1
73,F,15,R,2,2,yes,yes,no,no,yes,yes,yes,3,3,4,2,4,5,2,8,6,5,6.33,3
74,M,16,U,1,0,no,no,no,yes,yes,no,no,5,3,2,2,2,5,2,12,12,14,12.67,2
75,F,16,U,2,0,yes,yes,yes,yes,yes,yes,no,4,3,3,2,4,5,54,11,12,11,11.33,3
76,M,15,U,2,0,no,yes,yes,yes,yes,yes,no,4,3,3,2,3,5,6,9,9,10,9.33,3
77,M,15,U,4,0,no,no,no,yes,yes,yes,no,3,4,3,1,1,1,8,11,11,10,10.67,1
78,F,16,U,4,0,no,no,yes,yes,yes,yes,yes,5,2,3,1,3,3,0,11,11,11,11,2
79,M,17,U,1,3,yes,yes,no,yes,no,yes,no,4,5,1,1,1,3,2,8,8,10,8.67,1
80,F,16,U,2,0,no,yes,no,yes,yes,yes,no,2,4,3,1,2,3,12,5,5,5,5,2
81,M,15,U,1,0,yes,yes,yes,no,yes,yes,yes,3,2,2,1,3,3,2,10,12,12,11.33,2
82,M,15,U,3,0,yes,no,yes,no,yes,yes,no,5,3,2,1,2,5,4,11,10,11,10.67,2
83,F,15,U,2,0,no,yes,yes,yes,yes,yes,no,4,4,4,1,1,5,10,7,6,6,6.33,1
84,M,15,U,2,0,no,no,yes,yes,yes,yes,no,5,3,3,1,3,4,4,15,15,15,15,2
85,F,15,U,2,0,no,yes,no,no,yes,yes,no,4,3,2,2,3,4,2,9,10,10,9.67,3
86,F,15,U,2,2,no,no,yes,yes,yes,yes,yes,4,4,4,2,3,5,6,7,9,8,8,3
87,F,16,U,2,0,no,yes,no,yes,yes,no,no,4,3,4,1,2,2,4,8,7,6,7,2
88,F,15,U,3,0,no,yes,no,yes,yes,yes,no,5,3,3,1,3,1,4,13,14,14,13.67,2
89,M,16,U,2,1,no,no,yes,no,yes,yes,no,4,4,2,1,1,3,12,11,10,10,10.33,1
90,M,16,U,2,0,no,yes,no,yes,yes,no,no,4,1,3,3,5,5,18,8,6,7,7,4
91,F,16,U,3,0,no,yes,yes,yes,yes,yes,yes,4,3,3,1,3,4,0,7,7,8,7.33,2
92,F,15,U,1,0,no,no,yes,yes,yes,yes,no,4,5,5,1,3,1,4,16,17,18,17,2
93,F,16,U,2,0,yes,yes,no,yes,yes,no,no,3,3,3,2,3,2,4,7,6,6,6.33,3
94,F,16,U,2,0,no,yes,yes,yes,yes,yes,no,5,3,3,1,1,1,0,11,10,10,10.33,1
95,M,15,U,4,0,no,yes,no,yes,yes,yes,no,4,3,4,1,1,4,6,11,13,14,12.67,1
96,F,15,R,4,1,yes,yes,yes,yes,yes,yes,no,3,1,2,1,1,1,2,7,10,10,9,1
97,M,16,R,1,0,yes,yes,no,no,yes,yes,no,3,3,3,1,1,4,2,11,15,15,13.67,1
98,F,16,U,2,0,no,yes,yes,yes,yes,no,yes,4,3,5,1,1,5,2,8,9,10,9,1
99,F,16,U,1,0,no,no,no,no,yes,yes,no,5,3,4,1,2,1,6,11,14,14,13,2
100,F,16,U,3,0,yes,yes,yes,yes,yes,yes,no,5,3,5,1,1,3,0,7,9,8,8,1
101,M,16,U,1,0,yes,yes,yes,yes,yes,yes,no,4,5,5,5,5,4,14,7,7,5,6.33,5
102,M,16,U,3,0,no,yes,no,yes,yes,yes,yes,4,4,3,1,1,4,0,16,17,17,16.67,1
103,M,15,U,1,0,no,yes,no,no,yes,yes,no,5,3,3,1,1,5,4,10,13,14,12.33,1
104,F,15,U,2,0,yes,yes,yes,yes,yes,yes,no,4,3,5,1,1,2,26,7,6,6,6.33,1
105,M,15,U,2,0,no,yes,yes,yes,yes,yes,no,5,4,4,1,1,1,0,16,18,18,17.33,1
106,F,15,U,4,0,yes,no,no,yes,yes,no,no,4,3,3,1,1,4,10,10,11,11,10.67,1
107,F,15,U,4,0,yes,yes,yes,yes,yes,yes,no,5,1,2,1,1,3,8,7,8,8,7.67,1
108,M,16,U,3,0,no,yes,no,yes,yes,yes,no,5,3,3,1,1,5,2,16,18,18,17.33,1
109,M,15,R,4,0,no,yes,yes,yes,yes,yes,yes,1,3,5,3,5,1,6,10,13,13,12,4
110,F,16,U,3,0,no,yes,yes,yes,yes,yes,yes,5,4,5,1,1,4,4,14,15,16,15,1
111,M,15,U,1,0,no,no,no,yes,yes,yes,no,5,5,3,1,1,4,6,18,19,19,18.67,1
112,F,16,R,3,1,yes,yes,no,yes,yes,yes,no,4,1,2,1,1,2,0,7,10,10,9,1
113,F,16,U,2,1,yes,no,no,yes,yes,yes,no,3,1,2,1,1,5,6,10,13,13,12,1
114,M,15,U,1,0,no,no,no,yes,yes,yes,no,3,5,2,1,1,3,10,18,19,19,18.67,1
115,M,15,R,2,0,no,no,no,yes,yes,yes,yes,5,4,2,1,1,5,8,9,9,9,9,1
116,M,16,U,2,0,no,yes,no,yes,yes,yes,no,5,4,4,1,2,5,2,15,15,16,15.33,2
117,M,15,U,2,0,no,yes,no,yes,yes,no,no,4,4,3,1,1,2,2,11,13,14,12.67,1
118,M,16,U,1,0,no,no,no,yes,yes,yes,no,5,4,2,1,1,5,0,13,14,13,13.33,1
119,M,17,R,2,1,no,yes,no,yes,yes,yes,no,5,2,4,1,4,5,20,9,7,8,8,3
120,M,15,U,1,0,no,no,no,yes,yes,yes,no,3,4,3,1,2,4,6,14,13,13,13.33,2
121,F,15,U,2,0,no,no,no,no,yes,yes,no,3,2,3,1,2,1,2,16,15,15,15.33,2
122,M,15,U,4,0,no,yes,yes,yes,yes,yes,no,5,5,4,1,2,5,6,16,14,15,15,2
123,F,16,U,2,0,no,yes,yes,yes,yes,yes,yes,4,2,2,1,2,5,2,13,13,13,13,2
124,M,16,U,1,0,no,yes,no,yes,yes,yes,no,3,4,4,1,4,5,18,14,11,13,12.67,3
125,F,16,U,2,0,no,no,yes,yes,yes,yes,yes,5,4,4,1,1,5,0,8,7,8,7.67,1
126,M,15,U,1,0,yes,no,no,yes,yes,yes,no,5,5,5,3,2,5,0,13,13,12,12.67,3
127,F,15,U,2,0,yes,no,no,yes,yes,yes,yes,5,3,2,1,1,1,0,7,10,11,9.33,1
128,F,19,U,2,3,no,yes,no,no,no,no,no,3,4,2,1,1,5,2,7,8,9,8,1
129,M,18,R,1,2,no,yes,no,yes,yes,yes,no,3,3,3,1,2,4,0,7,4,0,3.67,2
130,M,16,R,1,0,no,no,yes,yes,yes,yes,no,3,5,5,2,5,4,8,18,18,18,18,4
131,F,15,R,3,2,no,yes,no,yes,yes,yes,yes,4,2,2,2,2,5,0,12,0,0,4,2
132,F,15,U,1,0,no,yes,no,no,yes,yes,yes,4,3,3,1,2,4,0,8,0,0,2.67,2
133,F,17,U,1,0,no,yes,no,yes,yes,yes,yes,3,4,4,1,3,5,12,10,13,12,11.67,2
134,F,16,U,1,0,no,no,no,yes,yes,yes,no,3,2,1,1,4,5,16,12,11,11,11.33,3
135,M,15,R,2,0,no,yes,no,yes,yes,no,yes,5,3,3,1,1,5,0,9,0,0,3,1
136,F,15,U,3,0,no,yes,no,yes,yes,yes,yes,4,3,3,1,1,5,0,11,0,0,3.67,1
137,M,17,R,2,0,no,no,no,yes,yes,no,no,5,4,5,2,4,5,0,10,0,0,3.33,3
138,F,16,U,1,2,no,yes,no,no,yes,yes,yes,4,3,2,1,1,5,0,4,0,0,1.33,1
139,M,16,U,2,1,no,no,no,yes,yes,no,yes,4,4,4,1,3,5,0,14,12,12,12.67,2
140,F,15,U,1,0,no,no,no,yes,yes,yes,no,4,3,2,1,1,5,0,16,16,15,15.67,1
141,M,15,U,4,0,yes,yes,no,yes,yes,yes,no,2,2,2,1,1,3,0,7,9,0,5.33,1
142,M,16,U,1,2,no,yes,no,yes,yes,yes,no,2,3,3,2,2,2,8,9,9,9,9,2
143,F,15,U,3,0,no,yes,yes,yes,yes,yes,no,4,2,2,1,1,5,2,9,11,11,10.33,1
144,F,16,U,1,0,no,no,no,yes,yes,yes,no,3,4,4,3,3,1,2,14,14,13,13.67,3
145,M,17,U,1,3,no,yes,no,yes,yes,yes,no,5,4,5,1,2,5,0,5,0,0,1.67,2
146,F,15,U,2,0,no,yes,yes,yes,yes,yes,no,4,4,2,1,2,5,0,8,11,11,10,2
147,F,15,U,2,3,no,yes,no,yes,yes,yes,no,3,3,2,1,1,3,0,6,7,0,4.33,1
148,F,15,U,2,0,no,yes,yes,no,yes,yes,no,4,3,2,1,1,5,2,10,11,11,10.67,1
149,M,16,U,1,0,no,yes,no,yes,no,yes,yes,3,3,2,2,1,5,0,7,6,0,4.33,2
150,M,15,U,1,3,no,no,no,yes,yes,yes,no,4,5,5,2,5,5,0,8,9,10,9,4
151,M,18,U,1,3,no,no,no,yes,no,yes,yes,2,3,5,2,5,4,0,6,5,0,3.67,4
152,M,16,U,1,1,no,no,no,yes,yes,no,yes,4,4,4,3,5,5,6,12,13,14,13,4
153,F,15,R,3,2,no,yes,yes,yes,yes,yes,yes,4,2,1,2,3,3,8,10,10,10,10,3
154,M,19,U,1,3,no,yes,no,yes,no,yes,yes,4,5,4,1,1,4,0,5,0,0,1.67,1
155,F,17,U,1,0,yes,yes,no,yes,yes,no,yes,4,2,1,1,1,4,0,11,11,12,11.33,1
156,M,15,R,2,0,yes,no,yes,yes,yes,no,no,4,4,4,1,1,1,2,11,8,8,9,1
157,M,17,R,1,0,no,no,no,yes,yes,no,no,2,2,2,3,3,5,8,16,12,13,13.67,3
158,F,18,R,1,3,no,yes,no,no,yes,no,no,5,2,5,1,5,4,6,9,8,10,9,3
159,M,16,R,1,0,no,no,no,no,yes,no,no,4,2,2,1,2,3,2,17,15,15,15.67,2
160,M,16,U,2,1,no,yes,yes,yes,yes,yes,yes,4,5,5,4,4,5,4,10,12,12,11.33,4
161,M,17,R,1,2,no,no,no,yes,no,yes,yes,3,3,2,2,2,5,0,7,6,0,4.33,2
162,M,15,R,2,2,yes,yes,no,yes,yes,yes,yes,4,4,4,1,4,3,6,5,9,7,7,3
163,M,16,U,1,1,no,no,no,yes,yes,no,no,4,4,4,2,4,5,0,7,0,0,2.33,3
164,M,17,U,1,0,no,no,no,yes,no,yes,no,5,3,3,1,4,2,2,10,10,10,10,3
165,M,17,R,2,3,no,no,no,yes,no,no,yes,5,3,5,1,5,5,0,5,8,7,6.67,3
166,M,16,U,1,1,no,yes,no,no,no,no,no,4,5,2,1,1,2,16,12,11,12,11.67,1
167,M,16,U,2,0,no,no,no,yes,no,yes,no,4,3,5,2,4,4,4,10,10,10,10,3
168,F,16,U,2,0,no,no,yes,yes,yes,yes,yes,4,2,3,1,1,3,0,14,15,16,15,1
169,F,16,U,2,0,no,yes,yes,no,yes,yes,no,5,1,5,1,1,4,0,6,7,0,4.33,1
170,F,16,U,2,0,no,yes,yes,yes,yes,yes,yes,4,4,2,1,1,3,0,14,14,14,14,1
171,M,16,U,1,2,no,yes,no,no,yes,yes,no,3,4,5,2,4,2,0,6,5,0,3.67,3
172,M,16,U,2,0,no,yes,yes,yes,yes,yes,yes,4,3,2,1,1,3,2,13,15,16,14.67,1
173,M,17,U,2,0,no,yes,yes,yes,yes,yes,no,4,4,4,1,3,5,0,13,11,10,11.33,2
174,F,16,U,2,3,no,no,no,no,yes,yes,yes,4,3,5,1,1,3,0,8,7,0,5,1
175,F,16,U,2,0,no,yes,yes,yes,yes,yes,no,4,4,5,1,1,4,4,10,11,9,10,1
176,M,17,U,2,0,no,no,yes,yes,yes,yes,no,4,4,4,4,4,4,4,10,9,9,9.33,4
177,F,16,U,2,0,no,no,yes,no,yes,yes,no,3,4,4,1,4,5,2,13,13,11,12.33,3
178,M,17,U,2,0,no,no,no,no,yes,yes,no,4,3,4,1,4,4,4,6,5,6,5.67,3
179,M,16,R,1,0,no,yes,no,yes,yes,yes,yes,4,3,3,3,4,3,10,10,8,9,9,4
180,M,17,U,2,0,no,yes,no,yes,yes,yes,yes,5,2,3,1,1,2,4,10,10,11,10.33,1
181,M,16,U,2,0,no,yes,yes,yes,yes,yes,no,3,4,3,2,3,3,10,9,8,8,8.33,3
182,M,16,U,2,0,no,no,yes,yes,yes,yes,yes,4,2,3,1,2,3,2,12,13,12,12.33,2
183,F,17,U,2,0,no,yes,no,yes,yes,no,no,5,4,2,2,3,5,0,16,17,17,16.67,3
184,F,17,U,2,0,no,yes,no,yes,yes,yes,yes,5,3,3,2,3,1,56,9,9,8,8.67,3
185,F,16,U,2,0,no,yes,yes,yes,yes,yes,no,1,2,2,1,2,1,14,12,13,12,12.33,2
186,M,17,U,2,0,no,yes,no,yes,yes,yes,yes,4,3,4,2,3,4,12,12,12,11,11.67,3
187,M,16,U,1,0,no,yes,yes,yes,yes,yes,yes,3,3,3,1,2,3,2,11,12,11,11.33,2
188,M,16,U,2,0,no,no,yes,yes,yes,yes,yes,4,2,3,1,2,5,0,15,15,15,15,2
189,F,17,U,2,0,no,yes,no,no,yes,yes,yes,3,3,3,1,3,3,6,8,7,9,8,2
190,M,17,R,2,0,no,no,no,yes,yes,no,no,3,1,3,1,5,3,4,8,9,10,9,3
191,F,16,U,2,0,no,no,no,yes,yes,yes,no,4,3,3,1,1,2,10,11,12,13,12,1
192,F,17,U,2,0,no,no,no,yes,yes,yes,no,5,3,3,1,1,3,0,8,8,9,8.33,1
193,M,17,U,2,0,no,no,yes,no,yes,yes,no,4,4,4,4,5,5,12,7,8,8,7.67,5
194,M,16,R,1,0,no,yes,no,yes,yes,yes,no,4,3,2,3,4,5,8,8,9,10,9,4
195,M,16,U,1,0,no,no,no,yes,yes,yes,no,5,3,3,1,1,3,0,13,14,14,13.67,1
196,F,17,U,2,0,no,no,no,yes,yes,yes,yes,4,3,2,1,1,5,0,14,15,15,14.67,1
197,M,17,U,1,0,no,no,no,yes,yes,yes,no,5,2,3,1,2,5,4,17,15,16,16,2
198,M,16,R,1,0,no,yes,yes,yes,yes,yes,no,3,3,4,3,5,3,8,9,9,10,9.33,4
199,F,17,U,1,1,no,yes,no,yes,yes,yes,no,4,2,4,2,3,2,24,18,18,18,18,3
200,F,16,U,2,0,no,yes,yes,yes,yes,yes,no,4,5,2,1,2,3,0,9,9,10,9.33,2
201,F,16,U,2,0,no,yes,no,yes,yes,yes,no,4,3,5,1,5,2,2,16,16,16,16,3
202,F,16,U,2,0,yes,yes,yes,yes,yes,no,no,4,4,3,1,3,4,6,8,10,10,9.33,2
203,F,17,U,2,0,no,yes,yes,no,yes,no,no,4,4,4,1,3,1,4,9,9,10,9.33,2
204,F,17,R,1,0,no,yes,no,yes,yes,yes,no,5,3,2,1,2,3,18,7,6,6,6.33,2
205,F,16,R,4,0,no,yes,yes,no,yes,yes,no,5,3,5,1,1,5,6,10,10,11,10.33,1
206,F,17,U,3,1,no,yes,yes,yes,yes,yes,yes,4,4,3,3,4,5,28,10,9,9,9.33,4
207,F,16,U,2,3,no,yes,yes,yes,yes,yes,no,2,3,3,2,2,4,5,7,7,7,7,2
208,F,16,U,2,0,no,no,yes,yes,yes,yes,yes,1,3,2,1,1,1,10,11,12,13,12,1
209,F,16,U,1,0,no,yes,yes,yes,yes,no,no,4,3,2,1,4,5,6,9,9,10,9.33,3
210,F,17,R,3,0,no,yes,yes,yes,yes,yes,yes,4,4,2,1,1,4,6,7,7,7,7,1
211,F,19,U,4,0,no,yes,yes,yes,yes,yes,no,4,3,3,1,2,3,10,8,8,8,8,2
212,M,17,U,2,0,no,yes,yes,yes,yes,yes,yes,5,3,5,4,5,3,13,12,12,13,12.33,5
213,F,16,U,2,0,yes,yes,yes,yes,yes,yes,no,3,3,4,1,1,4,0,12,13,14,13,1
214,M,18,U,2,1,no,yes,yes,yes,yes,yes,no,4,4,4,2,4,5,15,6,7,8,7,3
215,F,17,R,1,0,no,yes,yes,yes,yes,no,no,5,2,1,1,2,3,12,8,10,10,9.33,2
216,F,17,U,2,0,no,no,yes,yes,yes,yes,no,4,4,4,1,3,1,2,14,15,15,14.67,2
217,F,17,U,2,2,no,no,yes,yes,yes,yes,yes,3,4,5,2,4,1,22,6,6,4,5.33,3
218,M,18,U,2,1,no,yes,yes,yes,yes,yes,no,3,2,4,2,4,4,13,6,6,8,6.67,3
219,F,17,U,1,0,no,yes,yes,yes,yes,no,no,3,3,3,1,4,3,3,7,7,8,7.33,3
220,F,17,U,3,0,no,yes,yes,yes,yes,yes,no,4,3,3,1,1,4,4,9,10,10,9.67,1
221,F,17,R,2,0,no,yes,no,yes,yes,yes,no,4,2,5,1,2,5,2,6,6,6,6,2
222,F,17,U,3,1,no,yes,no,yes,yes,no,yes,4,3,4,1,1,5,0,6,5,0,3.67,1
223,F,16,U,2,0,yes,no,no,yes,yes,yes,no,2,3,1,1,1,3,2,16,16,17,16.33,1
224,M,18,U,2,0,no,yes,yes,yes,yes,yes,no,3,3,3,5,5,4,0,12,13,13,12.67,5
225,F,16,U,3,0,no,yes,no,no,yes,yes,no,5,3,2,1,1,5,0,13,13,14,13.33,1
226,F,18,R,2,1,no,no,no,yes,yes,yes,yes,5,3,3,1,1,4,16,9,8,7,8,1
227,F,17,U,2,0,no,no,no,no,yes,yes,no,5,3,4,1,3,3,10,16,15,15,15.33,2
228,M,17,U,2,0,no,yes,yes,no,yes,yes,no,5,3,3,1,3,3,2,12,11,12,11.67,2
229,M,18,U,2,0,yes,yes,yes,yes,yes,yes,yes,4,3,2,4,5,3,14,10,8,9,9,5
230,F,17,U,3,0,no,no,no,yes,yes,yes,yes,3,2,3,1,2,3,10,12,10,12,11.33,2
231,F,17,U,2,0,no,no,no,yes,yes,yes,yes,3,2,3,1,2,3,14,13,13,14,13.33,2
232,M,17,R,2,0,no,yes,yes,yes,yes,yes,no,4,5,2,1,1,1,4,11,11,11,11,1
233,M,17,U,2,0,yes,yes,no,yes,yes,yes,yes,4,5,5,1,3,2,14,11,9,9,9.67,2
234,M,16,U,2,0,no,yes,yes,yes,yes,yes,no,4,2,4,2,4,1,2,14,13,13,13.33,3
235,M,16,U,2,0,no,yes,yes,yes,yes,yes,no,3,4,2,1,1,5,18,9,7,6,7.33,1
236,M,16,U,3,0,no,no,no,yes,yes,yes,yes,5,3,3,1,3,2,10,11,9,10,10,2
237,M,17,U,2,0,no,no,yes,no,yes,yes,yes,4,4,2,5,5,4,4,14,13,13,13.33,5
238,F,16,U,1,0,no,no,no,yes,yes,yes,yes,4,5,2,1,1,5,20,13,12,12,12.33,1
239,F,17,R,2,0,no,no,no,yes,yes,no,no,2,1,1,1,1,3,2,13,11,11,11.67,1
240,M,18,U,2,1,no,no,no,yes,no,yes,no,5,5,4,3,5,2,0,7,7,0,4.67,4
241,M,17,U,2,0,no,no,no,yes,yes,yes,yes,2,5,5,1,4,5,14,12,12,12,12,3
242,M,17,R,2,0,no,yes,yes,yes,yes,yes,no,3,3,3,2,3,4,2,10,11,12,11,3
243,M,16,U,1,0,no,no,no,no,yes,yes,no,5,4,5,1,1,3,0,6,0,0,2,1
244,M,16,U,1,0,no,no,no,yes,yes,yes,no,5,3,2,1,2,5,0,13,12,12,12.33,2
245,F,18,U,3,0,no,yes,yes,no,yes,yes,yes,4,4,4,1,1,3,0,7,0,0,2.33,1
246,M,16,U,1,0,no,no,no,yes,yes,yes,no,4,3,3,1,1,4,6,18,18,18,18,1
247,M,17,U,1,0,no,no,no,yes,yes,yes,no,5,2,2,1,1,2,4,12,12,13,12.33,1
248,M,22,U,1,3,no,no,no,no,no,yes,yes,5,4,5,5,5,1,16,6,8,8,7.33,5
249,M,18,R,2,1,no,yes,no,yes,yes,yes,yes,4,3,3,1,3,5,8,3,5,5,4.33,2
250,M,16,U,1,0,no,no,yes,no,yes,yes,no,4,3,2,2,4,5,0,13,15,15,14.33,3
251,M,18,U,1,1,no,no,no,yes,no,yes,no,4,4,5,2,4,5,0,6,8,8,7.33,3
252,M,16,U,2,0,yes,yes,no,no,yes,yes,no,5,3,3,1,3,2,6,7,10,10,9,2
253,M,18,U,1,1,no,no,no,no,no,yes,no,3,2,5,2,5,5,4,6,9,8,7.67,4
254,M,16,R,1,0,no,no,no,no,yes,no,no,3,3,2,1,3,3,0,8,9,8,8.33,2
255,M,17,R,1,0,no,no,no,no,yes,yes,no,4,4,2,2,4,5,0,8,12,12,10.67,3
256,M,17,U,1,1,no,yes,no,yes,yes,yes,no,4,4,4,1,2,5,2,7,9,8,8,2
257,F,17,U,4,0,no,yes,yes,yes,yes,yes,no,4,2,3,1,1,4,6,14,12,13,13,1
258,M,19,U,2,0,no,yes,no,yes,yes,yes,no,4,3,1,1,1,1,12,11,11,11,11,1
259,M,18,U,2,0,no,no,no,yes,yes,yes,no,5,2,4,1,2,4,8,15,14,14,14.33,2
260,F,17,U,4,0,no,no,yes,yes,yes,yes,yes,3,4,1,1,1,2,0,10,9,0,6.33,1
261,F,18,U,2,0,no,yes,yes,yes,yes,yes,yes,3,1,2,1,3,2,21,17,18,18,17.67,2
262,M,18,U,2,0,no,yes,yes,no,yes,yes,no,4,3,2,1,1,3,2,8,8,8,8,1
263,M,18,R,3,0,no,no,no,no,yes,no,no,5,3,2,1,1,3,1,13,12,12,12.33,1
264,F,17,U,3,0,no,no,no,no,yes,no,no,3,2,3,1,1,4,4,10,9,9,9.33,1
265,F,18,U,3,0,no,yes,yes,yes,yes,yes,yes,4,3,3,1,1,3,0,9,10,0,6.33,1
266,M,18,R,2,0,no,yes,yes,yes,yes,yes,no,4,2,5,3,4,1,13,17,17,17,17,4
267,M,17,U,2,0,no,no,yes,yes,yes,yes,yes,5,4,4,3,4,5,2,9,9,10,9.33,4
268,F,18,R,2,0,no,no,yes,yes,yes,yes,no,4,3,4,2,2,4,8,12,10,11,11,2
269,M,18,U,2,0,no,yes,yes,yes,yes,yes,yes,5,4,5,1,3,5,10,10,9,10,9.67,2
270,F,18,R,2,0,no,yes,no,yes,no,yes,yes,4,3,5,1,2,3,0,6,0,0,2,2
271,F,19,U,2,2,no,yes,yes,yes,yes,yes,no,4,3,5,3,3,5,15,9,9,9,9,3
272,F,18,U,4,0,no,yes,yes,yes,yes,yes,yes,4,5,5,1,3,2,4,15,14,14,14.33,2
273,F,18,U,2,0,no,yes,yes,no,yes,no,no,4,4,3,1,1,3,2,11,11,11,11,1
274,M,17,R,2,0,no,yes,yes,no,yes,no,yes,3,5,2,2,2,1,2,15,14,14,14.33,2
275,F,17,U,2,0,no,yes,yes,yes,yes,yes,yes,4,3,3,1,1,1,2,10,10,10,10,1
276,F,17,U,2,0,yes,yes,yes,yes,yes,yes,yes,4,4,4,2,3,5,6,12,12,12,12,3
277,F,18,R,2,0,no,no,no,no,no,yes,yes,4,1,1,1,1,5,75,10,9,9,9.33,1
278,M,18,U,1,0,no,no,yes,yes,yes,yes,no,3,2,4,1,4,3,22,9,9,9,9,3
279,F,18,U,2,1,yes,yes,no,yes,yes,yes,yes,2,4,4,1,1,4,15,9,8,8,8.33,1
280,M,18,U,1,0,no,no,yes,yes,yes,yes,no,4,2,3,1,2,1,8,10,11,10,10.33,2
281,M,17,U,1,0,no,no,yes,yes,yes,yes,yes,4,5,4,2,4,5,30,8,8,8,8,3
282,M,17,U,1,1,no,no,no,yes,yes,yes,no,4,4,4,3,4,3,19,11,9,10,10,4
283,F,18,R,4,0,no,yes,yes,yes,yes,no,no,5,2,2,1,1,3,1,12,12,12,12,1
284,F,18,U,2,0,yes,no,no,yes,yes,yes,no,5,4,4,1,1,4,4,8,9,10,9,1
285,F,17,U,2,0,no,yes,no,no,yes,yes,no,5,4,5,1,2,5,4,10,9,11,10,2
286,M,17,U,2,0,no,no,yes,no,yes,yes,no,4,3,3,1,2,4,2,12,10,11,11,2
287,F,18,U,3,0,no,yes,yes,yes,yes,yes,no,4,3,3,1,2,2,5,18,18,19,18.33,2
288,F,17,U,3,0,no,yes,yes,yes,yes,yes,no,4,3,3,1,1,3,6,13,12,12,12.33,1
289,M,18,U,3,0,no,no,yes,yes,yes,yes,no,4,2,4,1,3,2,6,15,14,14,14.33,2
290,M,18,U,2,0,no,yes,yes,yes,yes,yes,no,5,4,3,1,1,2,9,15,13,15,14.33,1
291,M,18,U,2,0,no,yes,yes,yes,yes,yes,yes,4,3,2,1,4,5,11,12,11,11,11.33,3
292,F,17,U,3,0,no,yes,yes,yes,yes,yes,no,4,2,2,1,2,3,0,15,15,15,15,2
293,F,18,U,2,1,no,no,no,yes,yes,yes,yes,5,4,3,1,1,5,12,12,12,13,12.33,1
294,F,17,R,4,0,no,yes,yes,yes,yes,no,no,3,1,2,1,1,3,6,18,18,18,18,1
295,M,18,R,3,0,no,yes,yes,yes,yes,yes,no,5,4,2,1,1,4,8,14,13,14,13.67,1
296,M,17,U,1,0,no,yes,yes,yes,yes,yes,no,4,4,3,1,3,5,4,14,12,11,12.33,2
297,F,19,U,2,0,no,yes,yes,yes,yes,yes,no,2,3,4,2,3,2,0,10,9,0,6.33,3
298,F,18,U,2,0,no,yes,yes,yes,yes,yes,yes,4,4,5,1,2,2,10,10,8,8,8.67,2
299,F,18,U,4,0,no,yes,yes,yes,yes,yes,no,4,3,3,1,1,3,0,14,13,14,13.67,1
300,M,18,U,1,0,no,yes,yes,yes,yes,yes,yes,1,4,2,2,2,1,5,16,15,16,15.67,2
301,F,18,U,2,0,no,yes,no,yes,yes,yes,yes,4,2,4,1,1,4,14,12,10,11,11,1
302,M,17,U,1,0,no,no,yes,yes,yes,yes,no,4,1,1,2,2,5,0,11,11,10,10.67,2
303,F,17,U,3,0,no,yes,yes,yes,yes,yes,no,4,3,3,1,1,3,0,15,12,14,13.67,1
304,F,17,U,4,0,no,yes,yes,no,yes,yes,no,5,2,2,1,2,5,0,17,17,18,17.33,2
305,M,19,U,2,1,no,yes,no,yes,yes,yes,yes,4,4,4,1,1,3,20,15,14,13,14,1
306,F,18,U,2,1,no,yes,yes,yes,yes,yes,no,4,4,3,1,1,3,8,14,12,12,12.67,1
307,M,20,U,1,0,no,no,no,yes,yes,no,no,5,5,3,1,1,5,0,17,18,18,17.67,1
308,M,19,U,1,1,no,yes,yes,yes,yes,yes,yes,4,3,4,1,1,4,38,8,9,8,8.33,1
309,M,19,R,2,1,no,no,no,yes,yes,no,yes,4,5,3,1,2,5,0,15,12,12,13,2
310,F,19,U,2,1,yes,yes,no,no,yes,yes,no,4,4,3,1,3,3,18,12,10,10,10.67,2
311,F,19,U,2,1,no,no,no,no,yes,no,yes,4,2,4,2,2,3,0,9,9,0,6,2
312,F,19,U,2,0,no,yes,no,yes,no,yes,yes,3,4,1,1,1,2,20,14,12,13,13,1
313,M,19,U,2,1,no,no,no,no,yes,yes,no,4,5,2,2,2,4,3,13,11,11,11.67,2
314,F,19,U,2,1,no,yes,yes,no,yes,yes,yes,4,2,2,1,2,1,22,13,10,11,11.33,2
315,F,19,U,3,2,no,no,no,no,yes,yes,yes,4,1,2,1,1,3,14,15,13,13,13.67,1
316,F,19,R,3,1,no,no,no,yes,yes,yes,yes,4,1,2,1,1,3,40,13,11,11,11.67,1
317,F,18,U,2,0,no,yes,yes,yes,yes,yes,no,5,3,3,1,2,1,0,8,8,0,5.33,2
318,F,18,U,3,0,no,yes,yes,yes,yes,yes,yes,4,3,4,1,1,5,9,9,10,9,9.33,1
319,F,17,R,3,0,no,yes,yes,no,yes,yes,no,4,3,4,2,5,5,0,11,11,10,10.67,4
320,F,18,U,2,0,no,yes,yes,yes,yes,yes,no,4,4,4,3,3,5,2,11,11,11,11,3
321,F,17,U,2,0,no,yes,yes,yes,yes,yes,yes,5,2,2,1,2,5,23,13,13,13,13,2
322,F,17,U,2,0,no,yes,no,yes,yes,no,yes,4,2,2,1,1,3,12,11,9,9,9.67,1
323,F,17,R,3,0,no,yes,yes,yes,yes,yes,no,3,3,2,2,2,3,3,11,11,11,11,2
324,F,17,U,3,0,no,yes,no,no,yes,yes,no,3,4,3,2,3,5,1,12,14,15,13.67,3
325,F,17,U,3,0,no,no,no,yes,yes,yes,no,3,3,3,2,3,2,0,16,15,15,15.33,3
326,M,18,U,3,0,no,no,no,yes,yes,yes,no,4,3,3,2,2,3,3,9,12,11,10.67,2
327,M,17,U,1,0,no,no,no,no,yes,yes,no,4,3,5,3,5,5,3,14,15,16,15,4
328,M,17,R,1,0,no,yes,no,yes,yes,yes,no,4,4,5,5,5,4,8,11,10,10,10.33,5
329,F,17,U,3,0,no,yes,yes,yes,yes,yes,no,5,4,4,1,3,4,7,10,9,9,9.33,2
330,F,17,U,3,0,no,yes,yes,no,yes,yes,yes,4,3,3,1,2,4,4,14,14,14,14,2
331,M,18,U,4,0,no,yes,no,yes,yes,yes,no,4,5,5,2,4,5,2,9,8,8,8.33,3
332,F,17,R,3,0,no,yes,no,yes,yes,yes,yes,4,4,3,1,1,5,7,12,14,14,13.33,1
333,F,18,U,2,0,no,no,no,yes,yes,yes,no,5,3,4,1,1,4,0,7,0,0,2.33,1
334,F,18,U,2,0,no,no,no,no,yes,yes,yes,4,3,3,1,1,2,0,8,8,0,5.33,1
335,F,18,R,4,0,no,no,no,yes,yes,no,no,4,4,4,1,1,4,0,10,9,0,6.33,1
336,F,17,U,3,0,no,no,no,yes,yes,yes,no,4,4,5,1,3,5,16,16,15,15,15.33,2
337,F,19,R,3,1,no,no,yes,yes,yes,no,no,5,4,3,1,2,5,12,14,13,13,13.33,2
338,F,17,U,2,0,no,yes,yes,yes,yes,yes,yes,4,3,2,2,3,2,0,7,8,0,5,3
339,F,18,U,4,0,no,yes,no,yes,yes,yes,no,5,3,3,1,1,1,7,16,15,17,16,1
340,F,17,R,2,0,no,yes,yes,yes,yes,yes,no,4,3,3,2,3,2,4,9,10,10,9.67,3
341,F,19,U,3,1,no,no,yes,yes,yes,yes,yes,4,3,4,1,3,3,4,11,12,11,11.33,2
342,M,18,U,2,1,no,yes,no,yes,yes,yes,no,4,3,3,2,2,2,0,10,10,0,6.67,2
343,M,18,U,2,0,no,no,no,yes,yes,yes,yes,4,3,3,1,3,5,11,16,15,15,15.33,2
344,F,17,U,2,1,no,yes,no,yes,yes,yes,yes,3,3,1,1,2,4,0,9,8,0,5.67,2
345,F,18,U,3,0,no,yes,no,yes,yes,yes,no,4,3,3,1,2,3,4,11,10,10,10.33,2
346,F,18,U,3,0,no,no,no,yes,yes,yes,yes,5,4,3,2,3,1,7,13,13,14,13.33,3
347,M,18,R,3,0,no,no,no,yes,yes,yes,yes,5,3,2,1,2,4,9,16,15,16,15.67,2
348,M,18,U,3,0,no,yes,yes,yes,yes,yes,yes,5,4,5,2,3,5,0,10,10,9,9.67,3
349,F,17,U,3,0,no,yes,yes,yes,yes,yes,yes,4,4,3,1,3,4,0,13,15,15,14.33,2
350,M,18,R,1,1,no,yes,no,no,yes,yes,no,2,5,5,5,5,5,10,11,13,13,12.33,5
351,M,19,R,2,3,no,no,no,yes,yes,yes,no,5,4,4,3,3,2,8,8,7,8,7.67,3
352,M,17,U,2,0,no,yes,yes,yes,yes,yes,no,4,5,4,2,3,3,2,13,13,13,13,3
353,M,18,U,1,1,no,no,no,yes,no,yes,yes,4,3,3,2,3,3,7,8,7,8,7.67,3
354,M,19,R,1,1,no,yes,no,yes,yes,yes,no,4,4,4,3,3,5,4,8,8,8,8,3
355,M,17,R,2,0,no,yes,yes,no,yes,yes,yes,4,5,5,1,3,2,4,13,11,11,11.67,2
356,F,18,U,2,0,no,yes,no,yes,yes,no,yes,5,3,4,1,1,5,0,10,9,9,9.33,1
357,F,17,R,2,0,no,yes,yes,yes,yes,yes,no,4,3,3,1,2,5,4,12,13,13,12.67,2
358,F,17,U,2,0,no,no,no,yes,yes,no,yes,1,2,3,1,2,5,2,12,12,11,11.67,2
359,M,18,U,1,0,no,no,no,no,yes,yes,yes,3,3,2,1,2,3,4,10,10,10,10,2
360,F,18,U,3,0,no,no,no,yes,yes,yes,no,5,3,2,1,1,4,0,18,16,16,16.67,1
361,F,18,R,2,0,no,no,no,yes,yes,no,yes,4,3,4,1,4,5,0,13,13,13,13,3
362,M,18,R,2,1,no,no,no,no,no,no,no,4,4,3,2,3,5,2,13,12,12,12.33,3
363,F,18,U,2,0,no,yes,no,yes,yes,yes,yes,4,3,2,1,3,3,0,11,11,10,10.67,2
364,F,17,U,2,0,no,yes,yes,yes,yes,yes,yes,2,3,4,1,1,1,0,16,15,15,15.33,1
365,F,17,R,2,0,no,no,no,no,yes,no,no,3,2,2,1,2,3,0,12,11,12,11.67,2
366,M,18,R,2,0,no,yes,yes,yes,yes,no,no,3,3,4,2,4,3,4,10,10,10,10,3
367,M,18,U,3,0,no,no,yes,yes,yes,yes,yes,4,2,2,2,2,5,0,13,13,13,13,2
368,F,17,R,1,1,no,yes,yes,yes,yes,yes,yes,5,2,1,1,2,1,0,7,6,0,4.33,2
369,F,18,U,1,0,no,yes,yes,yes,yes,yes,yes,5,2,3,1,2,4,0,11,10,10,10.33,2
370,F,18,R,2,0,no,yes,yes,no,yes,yes,yes,3,2,2,4,2,5,10,14,12,11,12.33,3
371,F,19,U,2,2,no,no,no,yes,yes,no,yes,3,2,2,1,1,3,4,7,7,9,7.67,1
372,M,18,R,1,0,no,yes,yes,yes,no,yes,yes,4,3,3,2,3,3,3,14,12,12,12.67,3
373,F,17,U,3,0,no,no,no,yes,yes,no,yes,3,4,3,1,1,3,8,13,11,11,11.67,1
374,F,17,R,1,0,no,no,no,yes,yes,yes,no,3,5,5,1,3,1,14,6,5,5,5.33,2
375,F,18,R,3,0,no,no,no,yes,yes,yes,no,5,4,4,1,1,1,0,19,18,19,18.67,1
376,F,18,R,3,0,no,no,no,yes,yes,yes,no,4,3,2,1,2,4,2,8,8,10,8.67,2
377,F,20,U,3,2,no,yes,yes,no,yes,yes,yes,5,4,3,1,1,3,4,15,14,15,14.67,1
378,F,18,R,2,0,no,no,yes,yes,yes,yes,no,5,4,3,3,4,2,4,8,9,10,9,4
379,F,18,U,2,0,no,no,yes,yes,yes,yes,yes,4,1,3,1,2,1,0,15,15,15,15,2
380,F,17,R,2,0,no,yes,yes,no,yes,yes,no,4,5,4,2,3,1,17,10,10,10,10,3
381,M,18,U,2,0,no,no,yes,no,yes,yes,no,3,2,4,1,4,2,4,15,14,14,14.33,3
382,M,18,R,1,0,no,no,no,no,yes,yes,yes,4,4,3,1,3,5,5,7,6,7,6.67,2
383,M,17,U,2,0,no,no,no,yes,yes,yes,no,4,4,3,1,1,3,2,11,11,10,10.67,1
384,M,19,R,1,1,no,no,no,yes,yes,no,no,4,3,2,1,3,5,0,6,5,0,3.67,2
385,M,18,R,1,1,no,no,yes,yes,yes,no,no,5,4,3,4,3,3,14,6,5,5,5.33,4
386,F,18,R,3,0,no,no,yes,yes,yes,no,no,5,3,3,1,3,4,2,10,9,10,9.67,2
387,F,18,R,1,0,no,yes,yes,yes,yes,yes,yes,4,4,3,2,2,5,7,6,5,6,5.67,2
388,F,19,R,3,1,no,no,no,no,yes,yes,no,5,4,2,1,2,5,0,7,5,0,4,2
389,F,18,U,2,0,no,yes,yes,yes,yes,yes,no,4,3,4,1,1,1,0,7,9,8,8,1
390,F,18,U,2,1,no,no,no,yes,yes,no,no,1,1,1,1,1,5,0,6,5,0,3.67,1
391,M,20,U,2,2,no,yes,yes,yes,yes,no,no,5,5,4,4,5,4,11,9,9,9,9,5
392,M,17,U,1,0,no,no,no,no,yes,yes,no,2,4,5,3,4,2,3,14,16,16,15.33,4
393,M,21,R,1,3,no,no,no,no,yes,no,no,5,5,3,3,3,3,3,10,8,7,8.33,3
394,M,18,R,1,0,no,no,no,no,yes,yes,no,4,4,1,3,4,5,0,11,12,10,11,4
395,M,19,U,1,0,no,no,no,yes,yes,yes,no,3,2,3,3,3,5,5,8,9,9,8.67,3
396,F,18,U,2,0,yes,no,no,yes,yes,no,no,4,3,4,1,1,3,4,0,11,11,7.33,1
397,F,17,U,2,0,no,yes,no,no,yes,yes,no,5,3,3,1,1,3,2,9,11,11,10.33,1
398,F,15,U,2,0,yes,no,no,yes,yes,yes,no,4,3,2,2,3,3,6,12,13,12,12.33,3
399,F,15,U,3,0,no,yes,no,yes,yes,yes,yes,3,2,2,1,1,5,0,14,14,14,14,1
400,F,16,U,2,0,no,yes,no,yes,yes,no,no,4,3,2,1,2,5,0,11,13,13,12.33,2
401,M,16,U,2,0,no,yes,no,yes,yes,yes,no,5,4,2,1,2,5,6,12,12,13,12.33,2
402,M,16,U,2,0,no,no,no,yes,yes,yes,no,4,4,4,1,1,3,0,13,12,13,12.67,1
403,F,17,U,2,0,yes,yes,no,yes,yes,no,no,4,1,4,1,1,1,2,10,13,13,12,1
404,M,15,U,2,0,no,yes,no,yes,yes,yes,no,4,2,2,1,1,1,0,15,16,17,16,1
405,M,15,U,2,0,no,yes,no,yes,yes,yes,no,5,5,1,1,1,5,0,12,12,13,12.33,1
406,F,15,U,2,0,no,yes,no,yes,yes,yes,no,3,3,3,1,2,2,2,14,14,14,14,2
407,F,15,U,3,0,no,yes,no,yes,yes,yes,no,5,2,2,1,1,4,0,10,12,13,11.67,1
408,M,15,U,1,0,no,yes,no,yes,yes,yes,no,4,3,3,1,3,5,0,12,13,12,12.33,2
409,M,15,U,2,0,no,yes,no,yes,yes,yes,no,5,4,3,1,2,3,0,12,12,13,12.33,2
410,M,15,U,3,0,no,yes,no,yes,yes,yes,yes,4,5,2,1,1,3,0,14,14,15,14.33,1
411,F,16,U,1,0,no,yes,no,yes,yes,yes,no,4,4,4,1,2,2,6,17,17,17,17,2
412,F,16,U,3,0,no,yes,no,yes,yes,yes,no,3,2,3,1,2,2,10,13,13,14,13.33,2
413,F,16,U,2,0,yes,yes,no,yes,yes,no,no,5,3,2,1,1,4,2,13,14,14,13.67,1
414,M,17,U,1,3,no,yes,yes,yes,yes,yes,no,5,5,5,2,4,5,2,8,8,7,7.67,3
415,M,16,U,1,0,no,no,no,yes,yes,yes,no,3,1,3,1,3,5,6,12,12,12,12,2
416,M,15,U,2,0,no,no,no,yes,yes,yes,no,4,4,1,1,1,1,0,12,13,14,13,1
417,M,15,U,1,0,no,yes,yes,yes,yes,yes,no,5,4,2,1,1,5,0,11,12,12,11.67,1
418,M,16,U,2,0,no,no,no,yes,yes,yes,no,4,5,1,1,3,5,0,12,13,14,13,2
419,M,16,U,2,0,no,yes,no,yes,yes,yes,no,5,4,4,2,4,5,2,10,10,10,10,3
420,F,15,R,3,0,yes,yes,no,yes,yes,yes,no,4,3,2,1,1,5,2,10,11,10,10.33,1
421,F,16,U,1,0,no,yes,no,no,yes,yes,no,1,2,2,1,3,5,6,10,11,12,11,2
422,M,15,U,1,0,no,yes,no,yes,yes,yes,no,4,2,2,1,2,5,8,11,12,12,11.67,2
423,M,15,U,1,0,no,no,no,yes,yes,yes,no,2,2,4,2,4,1,0,11,11,11,11,3
424,M,16,U,2,0,yes,yes,yes,yes,yes,yes,no,5,3,3,1,1,5,2,12,12,13,12.33,1
425,M,16,U,2,0,no,yes,yes,yes,yes,yes,yes,4,4,5,5,5,5,4,12,11,12,11.67,5
426,M,15,U,2,0,no,yes,yes,no,yes,yes,no,5,4,2,3,4,5,0,10,11,11,10.67,4
427,M,15,U,2,0,no,yes,no,yes,yes,yes,no,4,3,1,1,1,5,2,15,15,15,15,1
428,M,15,R,2,0,no,yes,no,yes,yes,yes,yes,4,5,2,1,1,5,0,13,14,15,14,1
429,M,15,U,2,0,no,no,no,no,yes,yes,no,5,3,2,1,1,2,0,13,12,12,12.33,1
430,M,16,U,1,0,no,yes,no,no,yes,yes,no,5,4,3,1,1,5,4,12,12,12,12,1
431,F,15,U,1,0,no,yes,no,yes,yes,no,no,3,5,1,1,1,5,4,11,11,11,11,1
432,M,15,U,3,0,no,yes,no,yes,yes,yes,no,5,4,3,1,1,4,0,14,14,14,14,1
433,M,16,R,3,0,no,yes,no,yes,yes,yes,yes,2,4,3,1,1,5,4,13,13,13,13,1
434,F,15,R,3,0,yes,yes,no,yes,yes,yes,no,4,3,2,1,1,5,2,11,12,12,11.67,1
435,F,15,R,1,0,yes,yes,no,yes,yes,no,no,4,3,1,1,1,2,8,14,13,12,13,1
436,F,16,U,2,0,no,yes,no,no,yes,yes,yes,3,3,3,1,2,3,16,11,11,10,10.67,2
437,M,15,U,1,0,no,yes,no,no,yes,yes,yes,5,4,3,2,4,5,8,10,11,11,10.67,3
438,M,15,U,2,0,no,yes,no,yes,yes,yes,no,4,3,3,1,1,5,0,14,15,15,14.67,1
439,M,15,U,1,0,yes,yes,no,yes,yes,yes,no,5,4,1,1,1,1,0,9,10,10,9.67,1
440,F,16,U,2,1,yes,no,no,yes,yes,yes,no,4,3,3,2,2,5,14,10,11,11,10.67,2
441,F,15,U,2,0,yes,yes,yes,yes,yes,yes,yes,5,2,2,1,1,5,4,10,11,11,10.67,1
442,F,16,U,2,0,no,yes,no,yes,yes,yes,no,2,3,5,1,4,3,6,13,12,13,12.67,3
443,M,16,U,4,0,no,no,no,yes,yes,yes,no,4,2,2,1,1,2,2,17,17,17,17,1
444,M,15,U,2,0,no,yes,no,yes,yes,no,no,4,3,3,2,2,5,4,11,12,13,12,2
445,F,15,U,2,0,yes,yes,no,no,yes,yes,no,4,4,4,1,1,3,2,13,12,12,12.33,1
446,F,16,U,2,0,no,yes,no,yes,yes,yes,no,4,3,3,2,3,4,0,14,13,13,13.33,3
447,F,15,U,2,0,no,yes,no,yes,yes,yes,no,4,3,3,1,1,5,0,16,14,16,15.33,1
448,M,15,U,1,0,no,no,no,yes,yes,no,no,5,5,5,3,4,5,4,10,9,9,9.33,4
449,F,15,U,1,0,yes,yes,no,yes,yes,yes,no,3,3,4,2,3,5,0,13,12,12,12.33,3
450,F,15,U,1,0,no,no,no,yes,yes,yes,no,5,3,4,4,4,1,0,13,12,13,12.67,4
451,F,16,U,2,0,no,no,no,yes,yes,yes,yes,5,3,4,1,1,2,2,12,13,12,12.33,1
452,F,15,U,2,0,no,yes,no,yes,yes,yes,no,4,3,2,1,1,1,0,15,14,15,14.67,1
453,M,15,U,2,0,no,yes,no,yes,yes,no,no,3,2,2,1,1,5,8,15,15,16,15.33,1
454,M,15,U,2,0,yes,yes,no,yes,yes,yes,no,4,3,2,1,1,5,0,14,13,14,13.67,1
455,F,16,U,2,0,no,yes,yes,yes,yes,yes,no,4,2,3,1,1,5,2,16,15,16,15.67,1
456,F,16,R,2,0,no,yes,no,yes,yes,no,no,2,4,4,2,3,4,0,17,16,16,16.33,3
457,F,16,U,1,0,yes,yes,no,no,yes,yes,yes,5,5,5,5,5,5,0,10,10,16,12,5
458,F,16,U,2,0,yes,no,no,yes,yes,yes,no,4,4,3,1,1,1,0,13,13,10,12,1
459,F,16,U,3,0,yes,yes,no,yes,yes,yes,no,3,4,4,2,4,4,0,14,13,13,13.33,3
460,F,15,U,2,0,yes,no,no,yes,yes,yes,yes,4,4,4,2,4,2,0,13,12,12,12.33,3
461,F,16,U,2,0,no,yes,no,yes,yes,yes,no,5,4,3,1,2,1,2,16,15,16,15.67,2
462,M,15,U,4,0,no,yes,no,no,yes,yes,yes,1,3,3,5,5,3,0,11,12,12,11.67,5
463,F,16,U,4,0,yes,yes,no,yes,yes,yes,no,4,3,3,1,2,5,0,10,9,10,9.67,2
464,F,15,R,2,0,yes,yes,no,yes,yes,yes,no,4,1,3,1,3,4,0,11,10,11,10.67,2
465,F,15,R,4,0,no,yes,no,no,yes,yes,no,4,4,2,2,3,3,6,15,15,15,15,3
466,M,16,U,4,0,no,yes,no,yes,yes,yes,no,4,3,2,1,1,5,2,13,11,11,11.67,1
467,M,15,U,4,0,no,no,no,yes,yes,yes,no,3,3,3,1,1,3,0,11,9,10,10,1
468,F,15,R,2,0,yes,yes,no,no,yes,yes,yes,3,3,4,2,4,5,2,13,11,11,11.67,3
469,M,16,U,1,0,no,no,no,yes,yes,no,no,5,3,2,2,2,5,0,13,13,14,13.33,2
470,F,16,U,2,0,yes,yes,no,yes,yes,yes,no,4,3,3,2,4,5,4,11,11,11,11,3
471,M,15,U,2,0,no,yes,no,yes,yes,yes,no,4,3,3,2,3,5,0,11,11,11,11,3
472,M,15,U,4,0,no,no,no,yes,yes,yes,no,3,4,3,1,1,1,0,12,11,11,11.33,1
473,F,16,U,4,0,no,no,no,yes,yes,yes,yes,5,2,3,1,3,3,1,13,13,13,13,2
474,M,17,U,1,3,yes,yes,no,yes,no,yes,no,4,5,1,1,1,3,0,9,9,10,9.33,1
475,F,16,U,2,0,no,yes,no,yes,yes,yes,no,2,4,3,1,2,3,14,12,11,11,11.33,2
476,M,15,U,1,0,yes,yes,no,no,yes,yes,yes,3,2,2,1,3,3,0,11,11,12,11.33,2
477,M,15,U,3,0,yes,no,no,no,yes,yes,no,5,3,2,1,2,5,2,10,9,9,9.33,2
478,F,15,U,2,0,no,yes,no,yes,yes,yes,no,4,4,4,1,1,5,4,12,11,11,11.33,1
479,M,15,U,2,0,no,no,yes,yes,yes,yes,no,5,3,3,1,3,4,2,13,12,13,12.67,2
480,F,15,U,2,0,no,yes,no,no,yes,yes,no,4,3,2,2,3,4,2,13,12,12,12.33,3
481,F,15,U,2,0,no,no,no,yes,yes,yes,yes,4,4,4,2,3,5,4,12,11,12,11.67,3
482,F,16,U,2,0,no,yes,no,yes,yes,no,no,4,3,4,1,2,2,6,13,11,11,11.67,2
483,F,15,U,3,0,no,yes,no,yes,yes,yes,no,5,3,3,1,3,1,4,15,15,15,15,2
484,M,16,U,2,0,no,no,no,no,yes,yes,no,4,4,2,1,1,3,6,12,10,11,11,1
485,M,16,U,2,0,no,yes,no,yes,yes,no,no,4,1,3,3,5,5,6,9,9,10,9.33,4
486,F,16,U,3,0,no,yes,no,yes,yes,yes,yes,4,3,3,1,3,4,2,9,11,11,10.33,2
487,F,15,U,1,0,no,no,no,yes,yes,yes,no,4,5,5,1,3,1,6,14,13,13,13.33,2
488,F,16,U,2,0,yes,yes,no,yes,yes,no,no,3,3,3,2,3,2,0,12,13,12,12.33,3
489,F,16,U,2,0,no,yes,no,yes,yes,yes,no,5,3,3,1,1,1,2,13,14,14,13.67,1
490,M,15,U,4,0,no,yes,no,yes,yes,yes,no,4,3,4,1,1,4,2,11,12,12,11.67,1
491,F,15,R,4,0,yes,yes,yes,yes,yes,yes,no,3,1,2,1,1,1,4,13,13,13,13,1
492,M,16,R,1,0,yes,yes,yes,no,yes,yes,no,3,3,3,1,1,4,6,9,11,11,10.33,1
493,F,16,U,2,0,no,yes,no,yes,yes,no,yes,4,3,5,1,1,5,0,13,12,12,12.33,1
494,F,16,U,1,0,no,no,no,no,yes,yes,no,5,3,4,1,2,1,4,12,13,13,12.67,2
495,F,16,U,3,0,yes,yes,no,yes,yes,yes,no,5,3,5,1,1,3,2,12,13,13,12.67,1
496,M,16,U,1,0,yes,yes,no,yes,yes,yes,no,4,5,5,5,5,4,12,9,9,8,8.67,5
497,M,16,U,3,0,no,yes,no,yes,yes,yes,yes,4,4,3,1,1,4,0,16,16,16,16,1
498,M,15,U,1,0,no,yes,yes,no,yes,yes,no,5,3,3,1,1,5,2,12,13,12,12.33,1
499,F,15,U,2,0,yes,yes,no,yes,yes,yes,no,4,3,5,1,1,2,16,11,10,10,10.33,1
500,M,15,U,2,0,no,yes,no,yes,yes,yes,no,5,4,4,1,1,1,0,16,16,16,16,1
501,F,15,U,4,0,yes,no,no,yes,yes,no,no,4,3,3,1,1,4,10,10,10,10,10,1
502,F,15,U,4,0,yes,yes,no,yes,yes,yes,no,5,1,2,1,1,3,4,10,10,10,10,1
503,M,16,U,3,0,no,yes,no,yes,yes,yes,no,5,3,3,1,1,5,4,13,14,14,13.67,1
504,M,15,R,4,0,no,yes,no,yes,yes,yes,yes,1,3,5,3,5,1,8,12,10,11,11,4
505,F,16,U,3,0,no,yes,no,yes,yes,yes,yes,5,4,5,1,1,4,2,15,15,14,14.67,1
506,M,15,U,1,0,no,no,no,yes,yes,yes,no,5,5,3,1,1,4,4,13,14,14,13.67,1
507,F,16,R,3,0,yes,yes,no,yes,yes,yes,no,4,1,2,1,1,2,4,11,11,11,11,1
508,F,16,U,2,1,yes,no,no,yes,yes,yes,no,3,1,2,1,1,5,12,8,10,10,9.33,1
509,M,15,U,1,0,no,no,no,yes,yes,yes,no,3,5,2,1,1,3,10,18,17,18,17.67,1
510,M,15,R,2,0,no,no,no,yes,yes,yes,yes,5,4,2,1,1,5,4,10,9,10,9.67,1
511,M,16,U,2,0,no,yes,no,yes,yes,yes,no,5,4,4,1,2,5,6,16,14,14,14.67,2
512,M,15,U,2,0,no,yes,no,yes,yes,no,no,4,4,3,1,1,2,4,16,15,16,15.67,1
513,M,16,U,1,0,no,no,no,yes,yes,yes,no,5,4,2,1,1,5,6,14,14,15,14.33,1
514,M,17,R,2,1,no,yes,no,yes,yes,yes,no,5,2,4,1,4,5,14,12,11,11,11.33,3
515,M,15,U,1,0,no,no,no,yes,yes,yes,no,3,4,3,1,2,4,2,14,13,14,13.67,2
516,F,15,U,2,0,no,no,no,no,yes,yes,no,3,2,3,1,2,1,0,14,14,14,14,2
517,M,15,U,4,0,no,yes,no,yes,yes,yes,no,5,5,4,1,2,5,6,14,13,13,13.33,2
518,F,16,U,2,0,no,yes,no,yes,yes,yes,yes,4,2,2,1,2,5,2,14,12,13,13,2
519,M,16,U,1,0,no,yes,no,yes,yes,yes,no,3,4,4,1,4,5,4,12,13,13,12.67,3
520,F,16,U,2,0,no,no,no,yes,yes,yes,yes,5,4,4,1,1,5,0,12,11,11,11.33,1
521,M,15,U,1,0,yes,no,no,yes,yes,yes,no,5,5,5,3,2,5,2,9,9,9,9,3
522,F,15,U,2,0,yes,no,no,yes,yes,yes,yes,5,3,2,1,1,1,0,10,11,11,10.67,1
523,F,19,U,2,2,no,yes,no,no,no,no,no,3,4,2,1,1,5,0,9,10,11,10,1
524,M,16,R,1,0,no,no,no,yes,yes,yes,no,3,5,5,2,5,4,8,14,14,15,14.33,4
525,M,16,U,3,0,no,yes,no,no,yes,yes,yes,3,2,3,2,2,1,4,13,12,13,12.67,2
526,F,15,R,3,0,no,yes,no,yes,yes,yes,yes,4,2,2,2,2,5,0,10,11,12,11,2
527,F,18,U,2,3,no,yes,no,yes,no,yes,yes,5,4,5,1,3,5,10,10,9,8,9,2
528,F,17,U,1,0,no,yes,no,yes,yes,yes,no,3,2,2,1,2,5,8,11,10,11,10.67,2
529,F,15,U,1,0,no,yes,no,no,yes,yes,yes,4,3,3,1,2,4,6,11,12,13,12,2
530,F,17,U,1,0,no,yes,no,yes,yes,yes,yes,3,4,4,1,3,5,2,13,12,12,12.33,2
531,F,16,U,1,0,no,no,no,yes,yes,yes,no,3,2,1,1,4,5,12,15,13,14,14,3
532,M,16,U,1,0,no,no,no,yes,yes,no,no,3,2,1,1,1,2,4,9,9,11,9.67,1
533,F,16,U,1,1,no,no,no,yes,yes,no,no,5,3,4,1,1,5,12,13,11,11,11.67,1
534,M,15,R,2,0,no,yes,no,yes,yes,no,yes,5,3,3,1,1,5,2,12,11,11,11.33,1
535,F,15,U,3,0,no,yes,no,yes,yes,yes,yes,4,3,3,1,1,5,4,13,14,15,14,1
536,M,17,R,2,0,no,no,no,yes,yes,no,no,5,4,5,2,4,5,2,10,9,10,9.67,3
537,F,16,R,2,0,no,yes,no,yes,yes,no,no,5,1,3,1,1,3,0,14,13,13,13.33,1
538,M,18,U,1,0,no,no,no,yes,yes,yes,yes,3,3,4,4,5,4,2,11,11,12,11.33,5
539,F,18,U,3,0,no,yes,no,no,yes,yes,yes,4,3,3,5,1,5,10,12,11,11,11.33,3
540,F,16,R,1,0,no,yes,no,yes,yes,no,yes,3,3,3,1,2,1,8,12,11,11,11.33,2
541,F,16,U,1,0,no,yes,no,no,yes,yes,yes,4,3,2,1,1,5,4,9,9,10,9.33,1
542,M,16,U,2,2,no,no,no,yes,yes,no,yes,4,4,4,1,3,5,0,10,10,10,10,2
543,F,15,U,1,0,no,no,no,yes,yes,yes,no,4,3,2,1,1,5,6,13,14,14,13.67,1
544,F,15,R,1,1,no,no,no,yes,yes,yes,yes,5,5,5,1,1,1,2,8,9,9,8.67,1
545,M,15,U,4,0,yes,yes,no,yes,yes,yes,no,2,2,2,1,1,3,6,9,11,11,10.33,1
546,F,15,U,2,0,no,no,no,no,yes,no,yes,1,3,2,2,3,1,24,9,8,9,8.67,3
547,M,16,U,3,0,no,yes,no,yes,yes,yes,no,5,3,3,1,3,5,0,15,13,13,13.67,2
548,M,16,U,1,0,no,yes,no,yes,yes,yes,no,2,3,3,2,2,2,4,12,11,11,11.33,2
549,F,15,U,3,0,no,yes,no,yes,yes,yes,no,4,2,2,1,1,5,2,13,13,13,13,1
550,F,16,U,1,0,no,no,no,yes,yes,yes,no,3,4,4,3,3,1,4,10,11,11,10.67,3
551,M,17,U,1,0,no,yes,no,yes,yes,yes,no,5,4,5,1,2,5,22,9,7,6,7.33,2
552,F,15,U,2,0,no,yes,no,yes,yes,yes,no,4,4,2,1,2,5,0,12,12,12,12,2
553,F,15,U,1,0,no,yes,no,yes,no,yes,yes,4,4,2,1,1,5,0,11,10,10,10.33,1
554,F,15,U,2,1,no,yes,no,yes,yes,yes,no,3,3,2,1,1,3,2,11,11,11,11,1
555,F,15,U,2,0,no,yes,no,no,yes,yes,no,4,3,2,1,1,5,6,13,12,13,12.67,1
556,F,15,U,2,0,no,no,no,no,yes,no,yes,2,3,4,2,4,1,6,11,11,11,11,3
557,M,16,U,1,0,no,yes,no,yes,no,yes,yes,3,3,2,2,1,5,16,9,9,8,8.67,2
558,M,15,U,1,0,no,no,no,yes,yes,yes,no,4,5,5,2,5,5,0,12,11,11,11.33,4
559,M,18,U,1,2,no,no,no,yes,no,yes,yes,2,3,5,2,5,4,0,11,9,0,6.67,4
560,M,16,U,1,1,no,no,no,yes,yes,no,yes,4,4,4,3,5,5,6,9,10,10,9.67,4
561,F,15,R,3,0,no,yes,yes,yes,yes,yes,yes,4,2,1,2,3,3,2,13,13,13,13,3
562,M,19,U,1,0,no,yes,no,yes,no,yes,yes,4,5,4,1,1,4,6,11,9,11,10.33,1
563,F,17,U,1,0,yes,yes,no,yes,yes,no,yes,4,2,1,1,1,4,0,13,13,13,13,1
564,M,15,R,2,0,yes,no,yes,yes,yes,no,no,4,4,4,1,1,1,0,7,8,8,7.67,1
565,M,17,R,1,3,no,no,no,yes,yes,no,no,2,2,2,3,3,5,14,9,8,10,9,3
566,F,18,R,1,3,no,yes,no,no,yes,no,no,5,2,5,1,5,4,6,11,10,11,10.67,3
567,M,16,R,1,0,no,no,no,no,yes,no,no,4,2,2,1,2,3,4,12,10,11,11,2
568,M,16,U,2,1,no,yes,no,yes,yes,yes,yes,4,5,5,4,4,5,0,10,10,1,7,4
569,M,16,U,1,2,no,no,no,no,yes,yes,no,4,4,5,3,5,5,0,9,8,10,9,4
570,M,17,R,1,1,no,no,yes,yes,no,yes,yes,3,3,2,2,2,5,8,8,8,9,8.33,2
571,M,17,R,2,2,yes,yes,no,yes,yes,yes,yes,4,4,4,1,4,3,4,7,6,8,7,3
572,M,15,U,1,0,no,no,no,yes,yes,no,no,4,4,4,2,4,5,2,8,9,10,9,3
573,M,16,U,1,1,no,no,no,yes,no,yes,no,5,3,3,1,4,2,2,9,8,8,8.33,3
574,M,17,R,2,0,no,no,no,yes,no,no,yes,5,3,5,1,5,5,0,8,8,8,8,3
575,M,17,U,1,3,no,yes,no,no,no,no,no,4,5,2,1,1,2,10,8,7,8,7.67,1
576,M,16,U,2,0,no,no,no,yes,no,yes,no,4,3,5,2,4,4,0,9,10,11,10,3
577,F,16,U,2,0,no,no,no,yes,yes,yes,yes,4,2,3,1,1,3,0,17,17,18,17.33,1
578,F,16,U,2,0,no,yes,no,no,yes,yes,no,5,1,5,1,1,4,0,12,12,13,12.33,1
579,F,16,U,2,0,no,yes,no,yes,yes,yes,yes,4,4,2,1,1,3,0,16,16,17,16.33,1
580,M,16,U,1,1,no,yes,no,no,yes,yes,no,3,4,5,2,4,2,4,9,9,10,9.33,3
581,M,16,U,2,0,no,yes,no,yes,yes,yes,yes,4,3,2,1,1,3,0,16,17,18,17,1
582,M,17,U,2,0,no,yes,no,yes,yes,yes,no,4,4,4,1,3,5,0,11,9,10,10,2
583,F,16,U,2,0,no,no,no,no,yes,yes,yes,4,3,5,1,1,3,0,14,13,13,13.33,1
584,F,16,U,2,0,no,yes,no,yes,yes,yes,no,4,4,5,1,1,4,0,14,14,15,14.33,1
585,M,17,U,2,0,no,no,no,yes,yes,yes,no,4,4,4,4,4,4,0,10,11,11,10.67,4
586,F,16,U,2,0,no,no,no,no,yes,yes,no,3,4,4,1,4,5,0,13,12,14,13,3
587,M,17,U,2,0,no,no,no,no,yes,yes,no,4,3,4,1,4,4,4,11,9,10,10,3
588,M,16,R,1,0,no,yes,no,yes,yes,yes,yes,4,3,3,3,4,3,8,10,9,11,10,4
589,M,17,U,2,0,no,yes,yes,yes,yes,yes,yes,5,2,3,1,1,2,4,11,11,13,11.67,1
590,M,16,U,2,0,no,yes,yes,yes,yes,yes,no,3,4,3,2,3,3,4,11,10,11,10.67,3
591,M,16,U,2,0,no,no,no,yes,yes,yes,yes,4,2,3,1,2,3,0,11,12,13,12,2
592,F,17,U,2,0,no,yes,no,yes,yes,no,no,5,4,2,2,3,5,0,17,18,17,17.33,3
593,F,17,U,2,0,no,yes,no,yes,yes,yes,yes,5,3,3,2,3,1,32,14,13,14,13.67,3
594,F,16,U,2,0,no,yes,no,yes,yes,yes,no,1,2,2,1,2,1,8,14,15,16,15,2
595,M,17,U,2,0,no,yes,no,yes,yes,yes,yes,4,3,4,2,3,4,6,11,13,14,12.67,3
596,M,16,U,1,0,no,yes,no,yes,yes,yes,yes,3,3,3,1,2,3,0,10,9,11,10,2
597,M,16,U,2,0,no,no,no,yes,yes,yes,yes,4,2,3,1,2,5,0,13,14,16,14.33,2
598,F,17,U,2,0,no,yes,no,no,yes,yes,yes,3,3,3,1,3,3,10,12,13,14,13,2
599,M,17,R,2,0,no,no,no,yes,yes,no,no,3,1,3,1,5,3,6,9,9,10,9.33,3
600,F,16,U,2,0,no,no,no,yes,yes,yes,no,4,3,3,1,1,2,6,12,12,13,12.33,1
601,F,17,U,2,0,no,no,no,yes,yes,yes,no,5,3,3,1,1,3,0,12,11,12,11.67,1
602,M,17,U,2,0,no,no,no,no,yes,yes,no,4,4,4,4,5,5,16,10,11,12,11,5
603,M,16,R,1,0,no,yes,no,yes,yes,yes,no,4,3,2,3,4,5,0,11,10,10,10.33,4
604,M,16,U,1,0,no,no,no,yes,yes,yes,no,5,3,3,1,1,3,0,13,12,12,12.33,1
605,F,17,U,2,0,no,no,no,yes,yes,yes,yes,4,3,2,1,1,5,8,14,15,16,15,1
606,M,17,U,1,0,no,no,no,yes,yes,yes,no,5,2,3,1,2,5,4,13,13,14,13.33,2
607,M,16,R,1,0,no,yes,no,yes,yes,yes,no,3,3,4,3,5,3,16,10,11,12,11,4
608,F,17,U,1,1,no,yes,no,yes,yes,yes,no,4,2,4,2,3,2,30,14,15,16,15,3
609,F,16,U,2,0,no,yes,no,yes,yes,yes,no,4,5,2,1,2,3,0,11,10,11,10.67,2
610,F,16,U,2,0,no,yes,no,yes,yes,yes,no,4,3,5,1,5,2,2,14,14,15,14.33,3
611,F,16,U,2,0,yes,yes,no,yes,yes,no,no,4,4,3,1,3,4,4,11,12,12,11.67,2
612,F,17,U,2,0,no,yes,no,no,yes,no,no,4,4,4,1,3,1,0,14,15,15,14.67,2
613,F,17,R,1,0,no,yes,no,yes,yes,yes,no,5,3,2,1,2,3,21,13,13,13,13,2
614,F,16,R,4,0,no,yes,no,no,yes,yes,no,5,3,5,1,1,5,6,13,13,13,13,1
615,F,17,U,3,1,no,yes,yes,yes,yes,yes,yes,4,4,3,3,4,5,14,8,9,8,8.33,4
616,F,16,U,2,0,no,yes,no,yes,yes,yes,no,2,3,3,2,2,4,2,11,11,12,11.33,2
617,F,16,U,2,0,no,no,no,yes,yes,yes,yes,1,3,2,1,1,1,4,14,15,15,14.67,1
618,F,16,U,1,0,no,yes,no,yes,yes,no,no,4,3,2,1,4,5,2,12,13,13,12.67,3
619,F,17,R,3,0,no,yes,no,yes,yes,yes,yes,4,4,2,1,1,4,0,11,12,12,11.67,1
620,F,19,U,4,0,no,yes,no,yes,yes,yes,no,4,3,3,1,2,3,4,12,12,12,12,2
621,M,17,U,2,0,no,yes,no,yes,yes,yes,yes,5,3,5,4,5,3,15,13,12,12,12.33,5
622,F,16,U,2,0,yes,yes,no,yes,yes,yes,no,3,3,4,1,1,4,0,13,13,13,13,1
623,M,18,U,2,0,no,yes,no,yes,yes,yes,no,4,4,4,2,4,5,10,12,11,11,11.33,3
624,F,17,R,1,0,no,yes,no,yes,yes,no,no,5,2,1,1,2,3,6,12,11,11,11.33,2
625,F,17,U,2,0,no,no,no,yes,yes,yes,no,4,4,4,1,3,1,2,14,16,15,15,2
626,F,17,U,2,0,no,no,no,yes,yes,yes,yes,3,4,5,2,4,1,16,11,9,10,10,3
627,M,18,U,2,0,no,yes,no,yes,yes,yes,no,3,2,4,2,4,4,10,10,10,10,10,3
628,F,17,U,1,0,no,yes,no,yes,yes,no,no,3,3,3,1,4,3,4,12,13,13,12.67,3
629,F,17,U,3,0,no,yes,no,yes,yes,yes,no,4,3,3,1,1,4,0,12,12,13,12.33,1
630,F,17,R,2,0,no,yes,no,yes,yes,yes,no,4,2,5,1,2,5,0,11,10,11,10.67,2
631,F,17,U,3,0,no,yes,no,yes,yes,no,yes,4,3,4,1,1,5,12,12,12,12,12,1
632,F,16,U,2,0,yes,no,no,yes,yes,yes,no,2,3,1,1,1,3,0,13,13,14,13.33,1
633,M,18,U,2,3,no,yes,yes,yes,yes,yes,no,3,3,3,5,5,4,9,10,9,10,9.67,5
634,F,16,U,3,0,no,yes,no,no,yes,yes,no,5,3,2,1,1,5,4,15,16,16,15.67,1
635,F,18,R,2,0,no,no,no,yes,yes,yes,yes,5,3,3,1,1,4,4,8,8,8,8,1
636,F,17,U,2,0,no,no,no,no,yes,yes,no,5,3,4,1,3,3,2,17,18,17,17.33,2
637,M,17,U,2,0,no,yes,no,no,yes,yes,no,5,3,3,1,3,3,0,10,11,11,10.67,2
638,M,18,U,2,0,yes,yes,no,yes,yes,yes,yes,4,3,2,4,5,3,2,9,10,11,10,5
639,F,17,U,3,0,no,no,no,yes,yes,yes,yes,3,2,3,1,2,3,0,15,15,16,15.33,2
640,F,17,U,2,0,no,no,no,yes,yes,yes,yes,3,2,3,1,2,3,0,14,12,12,12.67,2
641,M,17,R,2,0,no,yes,no,yes,yes,yes,no,4,5,2,1,1,1,0,12,13,13,12.67,1
642,M,17,U,2,0,yes,yes,no,yes,yes,yes,yes,4,5,5,1,3,2,0,13,13,13,13,2
643,M,16,U,2,0,no,yes,no,yes,yes,yes,no,4,2,4,2,4,1,0,13,13,14,13.33,3
644,M,16,U,2,0,no,yes,no,yes,yes,yes,no,3,4,2,1,1,5,2,9,9,9,9,1
645,M,16,U,3,0,no,no,no,yes,yes,yes,yes,5,3,3,1,3,2,0,12,12,12,12,2
646,M,17,U,2,0,no,no,no,no,yes,yes,yes,4,4,2,5,5,4,0,16,16,16,16,5
647,F,16,U,1,0,no,no,no,yes,yes,yes,yes,4,5,2,1,1,5,4,9,10,10,9.67,1
648,F,16,U,2,0,no,no,no,yes,yes,yes,yes,5,3,3,1,2,5,0,14,13,13,13.33,2
649,F,18,U,2,1,no,yes,no,yes,yes,yes,no,4,3,3,1,1,3,18,10,10,10,10,1
650,F,18,U,2,1,no,yes,no,no,yes,yes,yes,5,3,1,1,1,5,16,9,8,10,9,1
651,F,18,U,1,1,no,no,no,yes,no,yes,no,4,1,1,1,1,3,14,8,7,7,7.33,1
652,M,18,U,1,1,no,yes,no,no,no,yes,yes,4,4,3,2,2,1,26,7,8,8,7.67,2
653,M,17,U,1,0,no,yes,no,no,yes,yes,no,4,2,1,1,2,5,6,10,8,9,9,2
654,F,17,U,2,0,no,no,no,yes,yes,no,no,5,4,2,1,1,3,4,14,14,15,14.33,1
655,F,17,U,3,0,no,yes,no,yes,yes,yes,yes,4,3,2,1,2,4,10,11,10,10,10.33,2
656,F,16,U,1,0,no,no,no,yes,no,yes,no,5,3,5,1,2,5,4,12,11,11,11.33,2
657,F,17,R,2,0,no,no,no,yes,yes,no,no,2,1,1,1,1,3,2,13,13,13,13,1
658,F,17,R,1,1,no,yes,no,yes,yes,yes,no,5,5,4,1,1,5,14,9,9,8,8.67,1
659,M,18,U,2,0,no,no,no,yes,no,yes,no,5,5,4,3,5,2,16,8,7,8,7.67,4
660,F,17,U,1,1,no,yes,no,no,no,yes,no,3,1,2,1,1,1,8,11,9,10,10,1
661,F,17,R,3,0,no,no,no,yes,yes,yes,no,4,3,3,1,3,5,4,15,14,15,14.67,2
662,F,17,U,2,0,no,yes,no,yes,yes,no,no,4,3,2,1,1,4,4,15,14,14,14.33,1
663,M,17,U,2,0,no,no,no,yes,yes,yes,yes,2,5,5,1,4,5,8,15,15,15,15,3
664,M,17,R,2,0,no,yes,no,yes,yes,yes,no,3,3,3,2,3,4,0,12,12,12,12,3
665,M,16,U,1,0,no,no,no,no,yes,yes,no,5,4,5,1,1,3,7,14,14,15,14.33,1
666,M,16,U,1,0,no,no,yes,yes,yes,yes,no,5,3,2,1,2,5,4,14,15,15,14.67,2
667,F,17,U,2,0,no,yes,yes,yes,yes,yes,yes,5,3,1,1,4,5,2,11,11,12,11.33,3
668,M,17,R,3,0,no,no,no,no,yes,yes,yes,4,3,3,1,1,1,2,13,14,15,14,1
669,F,17,U,3,0,no,yes,no,yes,yes,yes,yes,4,2,2,2,3,5,10,11,11,11,11,3
670,F,17,U,2,0,yes,no,no,no,yes,no,yes,4,3,2,1,1,4,10,10,9,10,9.67,1
671,F,18,U,3,0,no,yes,no,no,yes,yes,yes,4,4,4,1,1,3,10,12,10,11,11,1
672,M,16,U,1,0,no,no,no,yes,yes,yes,no,4,3,3,1,1,4,7,15,16,16,15.67,1
673,F,17,U,2,0,no,yes,no,yes,yes,no,no,4,3,4,1,2,5,4,11,10,11,10.67,2
674,M,17,U,1,0,no,no,no,yes,yes,yes,no,5,2,2,1,1,2,2,9,12,13,11.33,1
675,M,22,U,1,3,no,no,no,no,no,yes,yes,5,4,5,5,5,1,12,7,8,5,6.67,5
676,M,18,R,2,0,no,yes,no,yes,yes,yes,yes,4,3,3,1,3,5,8,10,9,10,9.67,2
677,M,16,U,1,0,no,no,no,no,yes,yes,no,4,3,2,2,4,5,0,11,12,11,11.33,3
678,M,18,U,1,0,no,no,no,yes,no,yes,no,4,4,5,2,4,5,8,7,8,7,7.33,3
679,M,16,U,2,1,yes,yes,no,no,yes,yes,no,5,3,3,1,3,2,4,9,11,10,10,2
680,M,18,U,1,2,no,no,no,no,no,yes,no,3,2,5,2,5,5,4,7,8,6,7,4
681,M,16,R,1,0,no,no,no,no,yes,no,no,3,3,2,1,3,3,2,14,13,12,13,2
682,M,17,R,1,0,no,no,no,no,yes,yes,no,4,4,2,2,4,5,0,12,12,13,12.33,3
683,M,17,U,1,1,no,yes,no,yes,yes,yes,no,4,4,4,1,2,5,0,9,10,10,9.67,2
684,F,18,U,2,0,no,yes,no,no,yes,yes,yes,4,3,4,1,3,5,2,12,12,13,12.33,2
685,F,17,U,4,0,no,yes,no,yes,yes,yes,no,4,2,3,1,1,4,2,14,15,17,15.33,1
686,F,19,U,2,0,no,yes,no,yes,yes,yes,no,4,3,3,1,1,5,0,10,10,11,10.33,1
687,M,18,U,2,1,no,no,no,no,no,yes,no,4,4,5,4,4,5,4,11,10,11,10.67,4
688,F,17,R,3,0,no,yes,no,yes,yes,yes,no,4,3,4,1,3,5,2,11,12,14,12.33,2
689,F,18,U,3,0,no,yes,no,no,yes,no,no,4,4,3,2,3,3,4,11,12,14,12.33,3
690,F,18,R,2,0,yes,no,no,yes,yes,no,no,3,2,3,1,1,5,4,11,11,13,11.67,1
691,M,19,U,2,0,no,yes,no,yes,yes,yes,no,4,3,1,1,1,1,4,11,13,14,12.67,1
692,M,18,U,2,0,no,no,no,yes,yes,yes,no,5,2,4,1,2,4,2,16,16,16,16,2
693,M,17,R,1,0,no,no,no,no,no,no,no,5,2,2,1,1,4,0,9,10,10,9.67,1
694,F,17,U,4,0,no,no,no,yes,yes,yes,yes,3,4,1,1,1,2,2,10,11,12,11,1
695,F,20,R,2,0,no,yes,yes,yes,no,yes,yes,1,2,3,1,2,2,8,10,12,12,11.33,2
696,F,18,U,2,0,no,yes,no,yes,yes,yes,yes,3,1,2,1,3,2,2,15,15,15,15,2
697,M,18,U,2,0,no,yes,no,no,yes,yes,no,4,3,2,1,1,3,2,10,10,11,10.33,1
698,M,18,R,3,0,no,no,no,no,yes,no,no,5,3,2,1,1,3,2,10,11,12,11,1
699,F,17,U,3,0,no,no,no,no,yes,no,no,3,2,3,1,1,4,2,15,12,13,13.33,1
700,F,18,U,3,0,no,yes,no,yes,yes,yes,yes,4,3,3,1,1,3,0,11,12,13,12,1
701,M,17,U,1,0,no,no,no,yes,no,yes,no,4,4,4,2,3,4,8,8,8,9,8.33,3
702,M,18,R,2,0,no,yes,no,yes,yes,yes,no,4,2,5,3,4,1,6,15,16,16,15.67,4
703,M,17,U,2,0,no,no,no,yes,yes,yes,yes,5,4,4,3,4,5,0,11,11,14,12,4
704,F,18,R,2,0,no,no,no,yes,yes,yes,no,4,3,4,2,2,4,8,10,11,12,11,2
705,M,18,U,2,0,no,yes,no,yes,yes,yes,yes,5,4,5,1,3,5,4,10,12,14,12,2
706,F,18,R,2,0,no,yes,no,yes,no,yes,yes,4,3,5,1,2,3,12,8,9,10,9,2
707,F,19,U,2,0,no,yes,no,yes,yes,yes,no,4,3,5,3,3,5,16,11,12,12,11.67,3
708,F,18,U,4,0,no,yes,no,yes,yes,yes,yes,4,5,5,1,3,2,10,16,16,16,16,2
709,F,18,U,2,0,no,yes,no,no,yes,no,no,4,4,3,1,1,3,2,13,13,13,13,1
710,M,17,R,2,0,no,yes,no,no,yes,no,yes,3,5,2,2,2,1,2,16,17,18,17,2
711,F,18,U,2,0,no,yes,no,yes,yes,yes,yes,4,2,5,1,2,1,8,14,14,15,14.33,2
712,F,17,U,2,0,no,yes,no,yes,yes,yes,yes,4,3,3,1,1,1,6,15,16,16,15.67,1
713,F,17,U,2,0,yes,yes,no,yes,yes,yes,yes,4,4,4,2,3,5,6,12,12,12,12,3
714,F,18,R,2,0,no,no,no,no,no,yes,yes,4,1,1,1,1,5,15,12,9,10,10.33,1
715,M,18,U,1,0,no,no,no,yes,yes,yes,no,3,2,4,1,4,3,6,11,12,12,11.67,3
716,F,18,U,2,1,yes,yes,no,yes,yes,yes,yes,2,4,4,1,1,4,2,14,12,13,13,1
717,F,17,U,3,0,no,yes,no,yes,yes,yes,yes,4,2,3,1,1,1,8,13,15,15,14.33,1
718,F,19,R,2,1,yes,yes,no,yes,no,yes,no,3,3,3,4,3,3,0,9,8,10,9,4
719,M,18,U,1,0,no,no,no,yes,yes,yes,no,4,2,3,1,2,1,0,10,10,10,10,2
720,M,18,U,1,0,no,no,no,no,no,yes,no,3,4,4,2,4,4,10,10,10,11,10.33,3
721,M,17,U,1,0,no,no,no,yes,yes,yes,yes,4,5,4,2,4,5,22,11,11,10,10.67,3
722,M,17,U,1,0,no,no,no,yes,yes,yes,no,4,4,4,3,4,3,18,13,13,13,13,4
723,F,18,R,4,0,no,yes,no,yes,yes,no,no,5,2,2,1,1,3,2,17,17,18,17.33,1
724,F,18,U,2,0,yes,no,no,yes,yes,yes,no,5,4,4,1,1,4,0,12,13,13,12.67,1
725,F,17,U,2,0,no,yes,no,no,yes,yes,no,5,4,5,1,2,5,12,12,12,14,12.67,2
726,F,18,U,2,0,no,no,no,yes,yes,yes,yes,4,3,1,1,1,5,10,12,13,14,13,1
727,M,17,U,2,0,no,no,no,no,yes,yes,no,4,3,3,1,2,4,0,12,12,12,12,2
728,F,18,U,3,0,no,yes,no,yes,yes,yes,no,4,3,3,1,2,2,0,18,18,18,18,2
729,F,17,U,3,0,no,yes,no,yes,yes,yes,no,4,3,3,1,1,3,0,13,13,14,13.33,1
730,M,18,U,3,0,no,no,no,yes,yes,yes,no,4,2,4,1,3,2,0,14,15,15,14.67,2
731,M,18,U,2,0,no,yes,no,yes,yes,yes,no,5,4,3,1,1,2,0,17,17,17,17,1
732,M,18,U,2,0,no,yes,no,yes,yes,yes,yes,4,3,2,1,4,5,2,15,16,16,15.67,3
733,F,17,U,3,0,no,yes,no,yes,yes,yes,no,4,2,2,1,2,3,0,17,18,18,17.67,2
734,F,17,R,4,0,no,yes,no,yes,yes,no,no,3,1,2,1,1,3,0,18,19,19,18.67,1
735,M,18,R,3,0,no,yes,no,yes,yes,yes,no,5,4,2,1,1,4,0,14,15,15,14.67,1
736,M,17,U,1,0,no,yes,no,yes,yes,yes,no,4,4,3,1,3,5,0,14,15,15,14.67,2
737,F,19,U,2,0,no,yes,no,yes,yes,yes,no,2,3,4,2,3,2,2,14,13,13,13.33,3
738,F,18,U,2,0,no,yes,no,yes,yes,yes,yes,4,4,5,1,2,2,0,13,14,14,13.67,2
739,F,18,U,4,0,no,yes,no,yes,yes,yes,no,4,3,3,1,1,3,0,16,17,17,16.67,1
740,M,18,U,1,0,no,yes,no,yes,yes,yes,yes,1,4,2,2,2,1,0,18,18,17,17.67,2
741,F,18,U,2,0,no,yes,yes,yes,yes,yes,yes,4,2,4,1,1,4,0,14,15,15,14.67,1
742,M,17,U,1,0,no,no,no,yes,yes,yes,no,4,1,1,2,2,5,0,12,13,13,12.67,2
743,F,17,R,3,0,no,yes,no,yes,yes,yes,no,5,3,4,1,1,5,0,7,7,8,7.33,1
744,F,17,U,3,0,no,yes,no,yes,yes,yes,no,4,3,3,1,1,3,0,16,16,16,16,1
745,F,17,U,4,0,no,yes,no,no,yes,yes,no,5,2,2,1,2,5,0,18,18,18,18,2
746,M,19,R,3,1,no,no,no,yes,yes,yes,yes,4,3,1,1,1,5,0,9,10,11,10,1
747,M,20,U,1,2,no,no,no,yes,yes,no,no,5,5,3,1,1,5,0,14,15,15,14.67,1
748,M,19,R,2,0,no,no,no,yes,yes,no,yes,4,5,3,1,2,5,0,10,10,11,10.33,2
749,F,18,U,2,0,yes,yes,no,no,yes,no,yes,3,4,4,1,2,5,2,10,10,11,10.33,2
750,F,18,U,2,0,no,yes,no,yes,yes,yes,no,5,3,3,1,2,1,2,12,12,15,13,2
751,F,17,U,2,0,no,no,no,yes,yes,yes,yes,4,2,1,1,1,3,2,11,12,14,12.33,1
752,F,17,R,1,0,no,no,no,yes,yes,yes,no,4,4,4,1,1,5,2,15,16,17,16,1
753,F,18,U,3,0,no,yes,no,yes,yes,yes,yes,4,3,4,1,1,5,2,14,15,17,15.33,1
754,F,18,U,1,0,no,yes,no,yes,yes,yes,no,3,2,4,1,4,1,8,12,12,15,13,3
755,F,17,R,3,0,no,yes,no,no,yes,yes,no,4,3,4,2,5,5,2,15,15,17,15.67,4
756,F,18,U,2,0,no,yes,no,yes,yes,yes,no,4,1,4,1,1,3,8,11,12,14,12.33,1
757,M,19,U,2,0,no,yes,no,yes,yes,yes,yes,5,4,4,1,1,1,9,11,10,10,10.33,1
758,F,18,U,2,0,no,yes,no,yes,yes,yes,no,4,4,4,3,3,5,0,12,11,13,12,3
759,F,18,U,1,0,no,yes,no,yes,yes,yes,yes,5,4,4,1,1,1,4,11,12,14,12.33,1
760,F,17,U,1,0,no,no,no,yes,yes,yes,no,5,3,4,1,2,5,2,14,15,17,15.33,2
761,F,17,U,2,0,no,yes,no,yes,yes,yes,yes,5,2,2,1,2,5,14,15,14,17,15.33,2
762,F,17,U,2,0,yes,yes,no,yes,yes,yes,no,5,3,3,1,1,5,0,12,12,13,12.33,1
763,F,17,U,2,0,no,no,no,yes,yes,yes,no,4,2,3,2,2,2,2,11,12,14,12.33,2
764,M,18,U,1,0,no,yes,no,yes,yes,yes,no,4,2,5,3,4,5,2,8,9,11,9.33,4
765,F,19,U,3,0,no,no,no,yes,no,no,yes,1,5,5,4,3,5,12,10,10,11,10.33,4
766,F,19,U,2,2,no,yes,no,no,yes,yes,yes,5,3,4,1,1,4,2,8,8,9,8.33,1
767,F,18,U,1,0,no,yes,no,yes,yes,yes,yes,4,3,5,2,4,5,2,10,10,10,10,3
768,F,17,U,2,0,no,yes,no,yes,yes,no,yes,4,2,2,1,1,3,4,14,13,13,13.33,1
769,F,17,R,3,0,no,yes,no,yes,yes,yes,no,3,3,2,2,2,3,0,11,11,10,10.67,2
770,F,17,U,3,0,no,yes,no,no,yes,yes,no,3,4,3,2,3,5,0,17,18,17,17.33,3
771,F,17,U,3,0,no,no,no,yes,yes,yes,no,3,3,3,2,3,2,0,14,14,15,14.33,3
772,F,18,U,3,0,no,no,no,yes,yes,yes,no,4,5,5,1,2,2,0,14,14,14,14,2
773,M,18,U,3,0,no,no,no,yes,yes,yes,no,4,3,3,2,2,3,0,13,14,13,13.33,2
774,M,17,U,1,0,no,no,no,no,yes,yes,no,4,3,5,3,5,5,0,17,18,17,17.33,4
775,M,17,R,1,0,no,yes,no,yes,yes,yes,no,4,4,5,5,5,4,2,11,10,10,10.33,5
776,F,17,U,3,0,no,yes,no,yes,yes,yes,no,5,4,4,1,3,4,0,13,12,13,12.67,2
777,F,17,U,3,0,no,yes,no,no,yes,yes,yes,4,3,3,1,2,4,4,15,14,15,14.67,2
778,F,17,U,1,0,no,yes,yes,yes,yes,yes,no,4,2,5,2,5,5,2,11,12,11,11.33,4
779,M,18,U,4,0,no,yes,yes,yes,yes,yes,no,4,5,5,2,4,5,0,11,11,12,11.33,3
780,M,19,R,1,0,no,yes,no,no,yes,no,yes,5,3,4,2,2,5,0,11,10,10,10.33,2
781,F,18,U,2,0,no,no,no,yes,yes,no,yes,4,2,5,1,1,2,2,10,9,10,9.67,1
782,F,17,R,3,0,no,yes,no,yes,yes,yes,yes,4,4,3,1,1,5,0,15,15,15,15,1
783,M,18,U,1,0,no,no,no,no,yes,yes,no,5,4,2,1,2,5,6,15,14,15,14.67,2
784,F,18,U,2,0,no,no,no,yes,yes,yes,no,5,3,4,1,1,4,8,10,11,12,11,1
785,F,18,U,2,0,no,no,no,no,yes,yes,yes,4,3,3,1,1,2,0,10,9,12,10.33,1
786,F,18,R,4,0,no,no,no,yes,yes,no,no,4,4,4,1,1,4,6,14,13,14,13.67,1
787,F,17,U,3,0,no,no,no,yes,yes,yes,no,4,4,5,1,3,5,8,11,13,14,12.67,2
788,F,17,U,2,0,no,yes,no,yes,yes,yes,yes,4,3,2,2,3,2,0,12,13,15,13.33,3
789,F,18,U,4,0,no,yes,no,yes,yes,yes,no,5,3,3,1,1,1,4,14,14,15,14.33,1
790,F,17,R,2,0,no,yes,no,yes,yes,yes,no,4,3,3,2,3,2,0,14,14,16,14.67,3
791,M,18,U,2,0,no,yes,no,yes,yes,yes,no,4,3,3,2,2,2,0,12,12,13,12.33,2
792,M,18,U,2,0,no,no,no,yes,yes,yes,yes,4,3,3,1,3,5,6,16,16,17,16.33,2
793,F,17,U,2,0,no,yes,no,yes,yes,yes,yes,3,3,1,1,2,4,18,10,12,14,12,2
794,F,18,U,3,0,no,yes,no,yes,yes,yes,no,4,3,3,1,2,3,0,11,12,14,12.33,2
795,F,18,U,3,0,no,no,no,yes,yes,yes,yes,5,4,3,2,3,1,4,14,16,17,15.67,3
796,M,18,R,3,0,no,no,no,yes,yes,yes,yes,5,3,2,1,2,4,4,15,14,17,15.33,2
797,M,18,U,3,0,no,yes,no,yes,yes,yes,yes,5,4,5,2,3,5,0,14,13,14,13.67,3
798,F,17,U,3,0,no,yes,no,yes,yes,yes,yes,4,4,3,1,3,4,0,11,12,13,12,2
799,F,17,U,2,0,no,yes,no,yes,yes,yes,yes,4,3,4,2,2,1,10,12,15,15,14,2
800,F,17,U,2,0,no,yes,no,yes,yes,yes,no,4,3,5,2,4,4,4,12,16,16,14.67,3
801,F,19,U,1,1,no,no,no,yes,no,yes,no,2,2,3,3,4,5,16,10,11,11,10.67,4
802,F,17,U,1,1,no,yes,yes,yes,yes,yes,yes,4,1,2,1,1,3,6,10,13,13,12,1
803,F,21,U,3,2,no,no,yes,yes,yes,yes,no,3,3,2,1,1,5,0,9,12,12,11,1
804,M,18,U,2,0,no,yes,no,no,no,yes,no,4,4,4,1,3,3,11,9,11,12,10.67,2
805,M,18,U,2,0,no,no,no,yes,yes,yes,yes,4,3,5,1,4,2,9,13,14,15,14,3
806,F,17,U,2,0,no,yes,no,yes,yes,yes,no,4,3,4,1,3,4,0,13,17,17,15.67,2
807,M,17,U,3,0,no,yes,no,yes,yes,yes,no,4,4,2,1,2,4,2,12,15,15,14,2
808,F,18,U,2,0,no,yes,no,yes,yes,yes,no,4,2,2,1,1,3,0,14,17,17,16,1
809,M,21,R,2,2,no,yes,no,yes,no,yes,yes,5,3,3,5,2,4,21,9,10,10,9.67,4
810,F,20,R,3,0,no,no,no,yes,yes,yes,yes,3,2,2,1,3,3,8,11,15,15,13.67,2
811,F,19,U,1,1,no,yes,no,yes,yes,yes,yes,3,2,5,4,4,5,5,9,10,11,10,4
812,M,17,U,2,0,no,yes,no,yes,yes,yes,no,4,4,4,1,2,5,10,16,18,18,17.33,2
813,F,18,U,3,0,no,yes,no,yes,yes,yes,yes,4,3,4,1,2,2,5,14,17,17,16,2
814,M,18,R,1,0,no,no,no,yes,yes,yes,no,3,1,3,4,5,4,13,13,14,14,13.67,5
815,M,19,U,1,0,no,no,no,yes,yes,yes,no,5,3,4,1,4,4,10,7,11,11,9.67,3
816,F,18,U,2,0,no,yes,no,yes,yes,yes,no,4,1,4,1,3,4,10,14,17,17,16,2
817,F,20,U,1,1,yes,no,no,yes,yes,yes,yes,5,3,1,1,1,5,5,8,10,10,9.33,1
818,F,18,U,2,0,no,yes,no,no,yes,yes,yes,3,1,2,1,2,1,4,10,13,13,12,2
819,F,16,U,1,0,no,yes,no,yes,no,yes,yes,4,3,3,1,3,5,11,10,11,11,10.67,2
820,F,16,R,2,0,no,yes,no,yes,yes,yes,no,4,4,4,1,1,5,0,12,12,12,12,1
821,F,15,R,1,1,no,yes,no,yes,yes,no,yes,4,1,3,1,1,2,6,10,10,10,10,1
822,F,15,R,1,0,no,yes,no,yes,yes,yes,no,5,4,4,2,3,5,4,10,10,11,10.33,3
823,F,16,R,2,0,no,no,no,yes,yes,no,no,4,5,2,1,2,5,0,16,17,17,16.67,2
824,F,15,R,1,0,no,no,no,yes,no,no,no,1,3,4,1,1,1,0,6,8,9,7.67,1
825,M,16,R,2,0,no,yes,no,yes,yes,no,no,5,3,2,1,3,2,5,10,11,11,10.67,2
826,M,16,U,3,0,yes,no,no,yes,yes,yes,no,4,4,3,1,1,5,0,10,11,11,10.67,1
827,F,17,R,2,1,no,no,no,yes,yes,no,yes,4,5,4,1,2,5,0,10,10,10,10,2
828,F,17,R,1,1,no,yes,no,no,no,yes,no,5,4,4,2,2,5,0,6,6,7,6.33,2
829,F,15,R,1,0,no,no,no,yes,yes,yes,yes,1,5,1,3,5,5,0,13,14,14,13.67,4
830,F,16,U,4,0,no,no,no,no,no,no,yes,1,2,1,1,1,1,4,10,9,11,10,1
831,F,15,R,2,0,no,yes,no,yes,yes,yes,no,5,4,3,1,2,4,0,10,10,10,10,2
832,F,15,R,1,1,no,yes,no,yes,yes,yes,yes,4,4,3,1,2,2,4,6,7,8,7,2
833,F,16,R,1,0,no,yes,no,yes,yes,no,no,3,2,3,1,2,2,0,12,11,12,11.67,2
834,F,17,R,1,0,no,yes,no,yes,yes,yes,no,5,5,5,1,3,3,2,10,11,12,11,2
835,F,15,R,1,0,no,no,no,no,yes,yes,no,4,1,3,1,1,4,0,14,16,16,15.33,1
836,M,16,U,2,0,no,yes,no,yes,yes,no,yes,5,4,5,4,5,3,0,7,0,0,2.33,5
837,M,17,U,2,0,no,no,yes,no,yes,yes,no,4,4,3,2,4,5,4,8,9,9,8.67,3
838,M,15,R,2,0,no,yes,no,yes,yes,yes,no,5,3,4,1,2,2,0,12,13,14,13,2
839,M,15,R,2,0,no,yes,no,yes,yes,yes,no,5,3,4,1,2,2,7,7,9,8,8,2
840,M,16,R,2,0,no,no,no,no,yes,no,no,3,4,5,1,2,5,4,9,10,11,10,2
841,M,15,R,2,0,no,yes,no,yes,yes,no,yes,5,4,5,2,4,4,8,7,9,9,8.33,3
842,M,15,U,2,0,no,yes,no,yes,yes,yes,no,5,3,3,1,1,5,0,11,11,11,11,1
843,M,17,R,1,0,no,no,no,yes,no,no,yes,5,5,5,5,5,3,8,8,10,9,9,5
844,F,16,R,3,0,no,no,no,yes,yes,yes,yes,4,2,2,1,1,4,6,16,16,17,16.33,1
845,F,15,R,1,0,no,no,no,yes,yes,no,no,5,1,2,1,1,1,3,11,13,13,12.33,1
846,F,16,R,2,0,no,yes,no,yes,yes,yes,no,4,5,4,1,2,1,2,15,15,15,15,2
847,M,16,R,2,0,no,no,no,yes,yes,no,no,4,3,3,1,1,5,0,10,11,11,10.67,1
848,F,16,R,2,0,no,yes,no,yes,yes,yes,no,4,4,5,1,1,4,4,9,10,11,10,1
849,F,16,U,3,1,no,yes,no,yes,yes,no,no,1,3,2,1,2,4,0,10,8,8,8.67,2
850,F,16,U,3,1,no,yes,no,yes,yes,no,no,1,3,2,1,2,4,3,9,8,8,8.33,2
851,F,15,U,2,0,yes,yes,no,no,yes,yes,no,4,4,2,3,3,2,0,9,10,9,9.33,3
852,F,16,U,2,0,no,yes,no,no,yes,no,yes,5,4,3,2,1,2,0,13,14,15,14,2
853,M,17,R,1,0,no,yes,no,yes,yes,yes,no,5,5,5,5,5,3,4,10,11,11,10.67,5
854,F,16,R,4,0,no,yes,no,no,yes,yes,no,4,3,2,1,1,1,0,13,10,13,12,1
855,F,16,R,3,0,yes,yes,no,yes,yes,no,no,4,4,3,1,1,5,2,10,9,10,9.67,1
856,F,15,R,2,0,no,yes,no,yes,yes,yes,no,4,3,3,1,1,2,1,11,10,11,10.67,1
857,F,16,R,1,0,no,no,no,yes,yes,yes,yes,4,2,2,4,3,2,0,13,12,14,13,4
858,F,15,R,2,0,no,yes,no,yes,yes,no,no,4,2,1,1,2,2,0,13,14,14,13.67,2
859,F,15,R,3,0,yes,yes,no,yes,yes,no,no,4,4,3,2,2,5,2,14,11,12,12.33,2
860,M,16,R,1,0,no,no,no,yes,yes,no,no,3,4,4,3,4,5,6,11,11,11,11,4
861,F,18,U,2,1,no,yes,no,yes,yes,yes,yes,3,4,4,2,3,5,9,9,8,8,8.33,3
862,M,15,U,1,0,no,yes,no,yes,yes,no,no,3,2,3,1,3,4,0,10,9,11,10,2
863,F,16,R,2,0,no,yes,no,yes,yes,yes,no,5,3,4,1,1,2,1,14,13,14,13.67,1
864,M,15,U,1,0,no,no,no,yes,yes,no,no,4,3,3,1,2,4,1,13,12,13,12.67,2
865,M,16,U,2,0,no,yes,no,yes,yes,no,yes,4,3,1,1,1,3,0,13,12,13,12.67,1
866,F,15,R,2,0,no,yes,no,yes,yes,yes,yes,4,5,4,1,1,1,4,13,12,12,12.33,1
867,F,16,R,2,1,no,yes,no,no,yes,no,no,4,4,4,2,3,5,2,12,11,12,11.67,3
868,F,16,R,1,0,no,yes,no,yes,yes,no,yes,4,3,2,1,1,4,0,14,14,16,14.67,1
869,M,16,U,1,0,no,yes,no,yes,yes,yes,no,2,4,3,2,3,4,4,10,8,10,9.33,3
870,M,15,R,1,0,no,yes,no,yes,yes,yes,no,4,2,4,3,5,3,2,10,11,11,10.67,4
871,F,15,U,3,0,no,yes,no,yes,yes,no,no,5,3,2,1,1,4,0,12,13,14,13,1
872,F,16,R,1,0,no,yes,no,yes,yes,yes,yes,5,4,3,1,1,5,2,10,8,8,8.67,1
873,M,15,U,1,0,no,yes,no,no,yes,yes,no,4,3,3,2,4,3,11,12,10,11,11,3
874,F,16,R,2,3,yes,yes,no,yes,yes,no,no,3,4,3,1,1,1,0,7,7,8,7.33,1
875,F,17,U,1,0,no,yes,no,yes,no,no,no,4,5,3,1,1,5,4,9,9,10,9.33,1
876,F,19,U,1,1,no,no,no,yes,no,yes,yes,4,4,4,1,1,2,0,9,9,10,9.33,1
877,F,17,R,1,0,no,yes,no,yes,no,no,yes,5,5,3,1,1,3,2,9,10,11,10,1
878,F,15,R,1,0,no,yes,no,yes,no,no,yes,5,2,1,1,3,4,0,9,10,9,9.33,2
879,F,16,R,2,0,no,yes,no,yes,no,yes,no,3,4,5,1,2,1,1,9,10,11,10,2
880,F,16,U,1,0,no,yes,no,yes,no,no,no,4,3,4,1,2,1,6,7,7,8,7.33,2
881,F,17,R,2,0,no,yes,no,yes,yes,yes,no,4,3,5,1,2,4,0,11,10,11,10.67,2
882,F,16,U,1,1,no,yes,yes,no,yes,yes,no,4,4,3,1,4,3,1,9,10,10,9.67,3
883,F,18,R,3,2,no,yes,no,no,no,no,yes,3,3,2,1,1,2,6,7,9,10,8.67,1
884,F,19,U,3,1,no,no,no,yes,no,no,yes,5,3,1,1,1,3,6,7,9,9,8.33,1
885,M,18,R,1,1,no,no,no,yes,no,yes,no,4,4,3,3,4,4,0,8,9,10,9,4
886,F,18,R,1,1,no,no,no,no,no,yes,yes,3,2,3,1,1,2,4,9,11,10,10,1
887,F,19,U,2,1,no,yes,no,yes,yes,yes,yes,1,1,4,4,1,1,12,7,8,9,8,3
888,F,16,R,2,0,no,no,no,no,yes,no,yes,3,3,2,1,1,3,2,8,10,10,9.33,1
889,F,17,U,1,0,no,no,no,no,yes,no,no,2,4,4,3,5,5,5,9,9,10,9.33,4
890,F,16,R,2,0,no,no,no,yes,no,yes,no,4,4,5,1,3,3,0,8,9,9,8.67,2
891,F,16,U,1,0,no,no,no,yes,no,yes,yes,4,5,4,1,1,4,0,14,13,13,13.33,1
892,F,16,R,1,0,no,yes,no,yes,yes,yes,yes,4,4,4,2,2,4,2,14,14,14,14,2
893,M,17,U,4,1,no,yes,yes,yes,yes,no,no,5,4,5,3,4,5,0,10,11,10,10.33,4
894,F,16,U,2,0,no,yes,no,yes,yes,yes,no,5,3,3,1,1,1,0,14,13,14,13.67,1
895,F,16,U,1,0,no,yes,yes,yes,yes,no,yes,4,2,5,1,2,5,0,17,16,16,16.33,2
896,M,17,U,1,1,no,yes,no,yes,no,yes,yes,5,3,5,5,5,1,12,6,7,7,6.67,5
897,M,16,U,1,0,no,no,no,yes,yes,yes,no,4,2,5,1,5,5,8,14,12,13,13,3
898,M,17,R,4,1,no,yes,no,yes,yes,no,no,1,3,5,3,5,3,2,10,8,9,9,4
899,F,16,U,4,0,yes,yes,no,yes,yes,yes,no,2,2,1,1,1,5,0,14,14,14,14,1
900,F,19,U,3,0,no,no,no,yes,yes,yes,yes,5,4,5,1,1,1,0,12,13,13,12.67,1
901,F,17,R,1,0,no,yes,no,no,yes,yes,yes,4,4,5,1,2,5,0,11,11,11,11,2
902,F,20,U,2,1,no,no,no,yes,yes,yes,yes,3,3,4,2,4,3,8,11,9,10,10,3
903,F,17,U,3,0,no,yes,no,yes,yes,no,yes,4,3,3,1,1,3,0,11,11,10,10.67,1
904,M,17,R,1,1,no,yes,no,no,yes,yes,no,4,4,5,1,2,5,0,10,9,9,9.33,2
905,F,16,R,2,0,no,yes,no,yes,yes,no,no,5,3,2,1,1,1,0,16,17,18,17,1
906,F,17,R,2,0,no,yes,no,yes,yes,no,no,5,3,2,1,1,1,0,15,17,17,16.33,1
907,F,17,U,2,0,no,no,no,yes,yes,yes,yes,4,4,5,1,1,4,1,11,9,10,10,1
908,F,18,R,2,1,no,yes,no,yes,yes,yes,yes,4,3,2,1,1,5,9,7,7,7,7,1
909,F,16,U,1,0,no,no,no,yes,yes,yes,no,3,1,3,1,3,1,0,8,6,8,7.33,2
910,F,16,U,1,0,no,no,no,yes,yes,yes,no,3,1,3,1,4,3,2,7,6,7,6.67,3
911,F,18,U,2,0,yes,no,no,yes,yes,no,no,2,3,5,1,4,3,8,9,8,10,9,3
912,F,16,R,2,0,no,no,no,no,yes,yes,yes,4,3,3,2,3,2,0,14,16,16,15.33,3
913,F,16,R,1,0,no,no,no,yes,yes,yes,no,5,4,5,1,4,2,0,14,14,15,14.33,3
914,F,18,U,2,1,no,yes,no,yes,yes,yes,no,2,3,2,1,3,1,8,8,5,8,7,2
915,M,16,R,2,0,no,no,no,yes,yes,yes,no,5,2,1,1,1,2,0,8,7,0,5,1
916,F,16,U,2,0,no,yes,no,yes,yes,yes,no,4,3,2,1,3,5,6,6,8,8,7.33,2
917,F,16,R,2,0,no,yes,no,yes,yes,yes,no,3,3,3,1,1,2,0,8,10,10,9.33,1
918,F,16,U,2,0,no,yes,no,yes,yes,yes,yes,4,3,4,1,2,3,4,8,8,8,8,2
919,M,18,U,4,0,no,yes,no,yes,no,yes,yes,5,5,5,5,5,5,2,5,6,6,5.67,5
920,F,16,R,2,0,no,yes,no,no,yes,no,no,4,2,1,1,1,2,2,7,9,8,8,1
921,M,17,U,3,0,no,yes,no,yes,yes,yes,no,4,4,3,1,2,5,0,15,14,16,15,2
922,F,17,R,1,0,no,no,no,yes,yes,yes,yes,4,2,3,1,2,5,1,13,14,14,13.67,2
923,M,16,U,3,0,no,no,no,yes,yes,no,no,5,1,3,2,2,3,0,10,9,10,9.67,2
924,F,17,R,1,0,no,yes,yes,yes,yes,yes,no,5,1,3,1,2,5,5,9,9,9,9,2
925,F,16,U,1,0,no,yes,no,yes,yes,no,no,5,1,3,1,2,5,1,11,11,11,11,2
926,M,17,U,1,0,no,yes,no,yes,yes,yes,no,4,1,4,5,5,3,8,7,10,9,8.67,5
927,M,17,U,2,0,no,no,no,yes,yes,yes,yes,5,1,3,3,3,1,0,10,10,10,10,3
928,M,16,U,2,0,no,no,no,no,yes,yes,yes,4,2,2,1,4,5,2,9,7,8,8,3
929,F,16,U,2,0,no,no,no,yes,yes,yes,yes,3,2,2,1,1,3,0,14,15,16,15,1
930,M,16,U,1,0,no,yes,no,yes,yes,yes,no,4,1,2,2,5,5,0,11,12,12,11.67,4
931,M,15,R,2,0,no,yes,no,yes,yes,no,no,5,5,5,1,3,5,11,9,11,10,10,2
932,M,15,U,4,0,no,yes,no,yes,yes,no,no,5,4,5,2,3,5,8,13,14,14,13.67,3
933,M,15,U,1,0,no,no,no,yes,yes,yes,no,4,3,3,1,2,5,11,12,13,12,12.33,2
934,F,16,R,3,0,no,yes,no,no,yes,no,yes,4,3,3,2,2,5,2,11,11,11,11,2
935,F,16,U,2,0,no,yes,no,yes,yes,yes,no,1,2,4,2,2,1,8,9,10,10,9.67,2
936,F,17,U,1,0,no,no,no,yes,yes,no,yes,4,3,3,2,2,1,5,9,11,11,10.33,2
937,F,17,R,2,0,yes,no,yes,yes,yes,no,no,5,1,3,1,1,5,0,11,9,11,10.33,1
938,F,16,U,3,0,no,yes,no,yes,yes,yes,yes,5,3,5,1,4,5,1,10,11,12,11,3
939,M,17,R,1,3,no,no,no,yes,yes,yes,yes,3,3,3,1,3,5,2,9,9,8,8.67,2
940,M,17,R,1,0,no,no,no,yes,yes,no,yes,5,1,2,3,3,5,2,12,11,12,11.67,3
941,M,17,U,2,1,no,yes,no,no,yes,yes,yes,5,4,4,3,4,5,8,8,9,8,8.33,4
942,F,17,U,2,0,no,yes,no,yes,yes,yes,no,5,2,5,1,1,5,0,13,15,16,14.67,1
943,M,16,R,1,0,no,no,no,yes,yes,yes,no,4,1,2,2,1,2,0,10,11,11,10.67,2
944,F,17,U,2,0,no,no,no,yes,yes,yes,yes,4,5,5,1,2,3,2,11,10,11,10.67,2
945,F,17,R,2,0,yes,yes,no,no,yes,yes,no,4,3,3,2,3,5,0,17,18,18,17.67,3
946,M,16,U,2,0,no,yes,no,no,yes,yes,yes,4,1,2,2,2,5,0,12,13,13,12.67,2
947,M,17,U,2,0,no,yes,yes,yes,yes,yes,no,4,1,2,2,2,1,0,13,14,13,13.33,2
948,M,19,U,2,2,no,yes,no,yes,no,yes,no,4,4,3,3,4,4,2,9,9,10,9.33,4
949,M,17,U,1,0,no,no,no,yes,yes,no,yes,4,1,2,1,1,5,4,11,11,12,11.33,1
950,F,17,R,1,0,no,yes,no,yes,no,yes,yes,3,5,5,2,2,4,3,10,11,10,10.33,2
951,F,16,R,3,0,yes,yes,no,no,yes,yes,yes,4,3,4,1,1,3,5,13,14,13,13.33,1
952,M,16,R,1,0,no,no,no,yes,yes,no,no,4,4,4,2,4,5,4,9,10,11,10,3
953,F,17,R,2,3,no,yes,no,no,yes,yes,yes,5,4,4,1,1,5,2,7,9,10,8.67,1
954,M,17,R,1,0,no,no,no,yes,no,no,yes,5,5,5,3,5,5,0,8,13,10,10.33,4
955,M,18,R,1,1,yes,yes,no,yes,yes,no,no,4,3,2,1,1,4,0,12,12,13,12.33,1
956,M,17,R,1,0,no,yes,no,no,yes,yes,yes,4,5,5,1,3,2,0,10,9,10,9.67,2
957,M,18,U,2,0,no,yes,no,yes,yes,no,no,4,3,3,1,4,5,6,10,9,10,9.67,3
958,F,16,R,2,0,no,no,no,yes,yes,no,yes,5,4,3,1,1,1,0,11,13,12,12,1
959,M,17,U,1,1,no,no,no,yes,yes,no,yes,1,2,1,2,3,5,0,7,0,0,2.33,3
960,M,16,R,1,0,no,no,no,yes,yes,yes,no,4,5,5,2,3,5,2,11,9,10,10,3
961,M,16,R,1,0,no,no,no,yes,yes,yes,no,4,5,5,2,4,5,0,10,10,9,9.67,3
962,M,18,R,1,1,no,yes,no,yes,no,yes,yes,5,3,3,2,3,5,2,9,7,9,8.33,3
963,M,18,R,1,1,no,no,no,yes,no,yes,no,2,3,1,2,2,5,0,4,0,0,1.33,2
964,M,19,U,1,3,no,no,no,yes,yes,no,no,3,2,1,1,1,3,4,6,11,9,8.67,1
965,M,18,U,2,2,no,yes,no,yes,no,yes,no,4,4,5,1,3,3,9,4,8,8,6.67,2
966,M,16,R,1,0,no,yes,no,yes,yes,yes,yes,5,4,3,2,4,4,6,7,8,8,7.67,3
967,M,19,U,1,3,no,no,no,no,no,yes,yes,4,4,3,1,3,5,4,8,9,9,8.67,2
968,F,16,U,2,2,no,yes,no,yes,yes,no,yes,2,5,5,1,1,1,8,5,5,7,5.67,1
969,F,17,U,1,0,no,yes,no,yes,yes,no,no,4,3,2,1,2,5,9,7,9,10,8.67,2
970,M,20,R,1,1,no,yes,no,yes,no,yes,yes,4,4,3,2,4,4,12,8,11,10,9.67,3
971,F,18,R,1,0,no,yes,no,yes,yes,yes,no,5,4,4,3,4,2,8,10,11,10,10.33,4
972,M,18,R,1,0,no,yes,no,no,yes,yes,no,2,5,5,5,5,5,8,9,10,11,10,5
973,M,19,R,2,1,no,no,no,yes,yes,yes,no,5,4,4,3,3,2,8,10,9,11,10,3
974,M,17,U,2,1,no,yes,no,yes,yes,yes,no,4,5,4,2,3,3,4,8,9,10,9,3
975,M,18,U,1,0,no,no,no,yes,no,yes,yes,4,3,3,2,3,3,0,9,10,9,9.33,3
976,M,19,R,1,1,no,yes,no,yes,yes,yes,no,4,4,4,3,3,5,4,8,9,10,9,3
977,F,18,U,2,2,no,yes,no,yes,yes,no,no,4,3,3,1,1,5,2,6,8,8,7.33,1
978,F,19,U,1,0,no,yes,no,yes,no,no,no,1,4,4,1,1,5,0,6,8,7,7,1
979,F,18,R,1,1,no,no,no,yes,no,yes,yes,5,5,5,1,1,3,0,8,6,0,4.67,1
980,F,17,R,1,0,no,yes,no,yes,yes,yes,no,4,4,3,1,1,5,0,10,11,11,10.67,1
981,F,17,R,3,0,no,yes,yes,yes,no,no,no,4,2,3,2,2,3,5,8,7,8,7.67,2
982,F,17,U,2,0,yes,yes,no,yes,yes,yes,no,5,5,5,1,3,5,0,8,8,0,5.33,2
983,F,18,R,2,1,no,yes,no,yes,yes,yes,no,2,3,3,1,2,4,3,7,6,8,7,2
984,F,17,U,1,0,no,yes,no,yes,yes,no,yes,3,2,2,1,1,5,0,8,10,9,9,1
985,F,17,U,1,0,no,no,no,yes,yes,yes,no,5,5,1,1,1,3,0,7,10,10,9,1
986,F,18,U,2,2,no,no,no,yes,yes,no,yes,3,4,4,2,2,5,3,7,8,7,7.33,2
987,F,18,U,2,0,no,no,no,no,yes,yes,no,4,3,5,1,1,1,2,12,13,14,13,1
988,F,17,U,1,0,no,yes,no,yes,yes,yes,no,4,4,3,1,1,4,0,11,12,13,12,1
989,F,18,U,2,0,no,no,no,yes,yes,yes,no,4,4,3,1,2,4,0,12,13,14,13,2
990,F,18,U,2,0,no,no,no,no,yes,yes,no,4,3,5,1,2,1,0,18,18,18,18,2
991,M,18,U,1,0,no,yes,no,yes,yes,yes,no,5,4,5,1,1,5,3,17,17,17,17,1
992,F,17,U,2,0,no,yes,no,yes,yes,yes,no,4,3,3,1,2,4,0,17,18,18,17.67,2
993,F,18,R,2,1,no,no,no,yes,yes,no,yes,4,3,3,1,1,4,0,9,0,0,3,1
994,M,18,U,1,0,no,yes,no,no,yes,no,no,4,1,4,5,5,1,8,10,11,11,10.67,5
995,M,18,R,1,0,no,yes,yes,yes,yes,yes,yes,2,5,5,1,1,1,5,12,13,14,13,1
996,M,17,R,1,0,no,no,no,no,no,no,no,4,2,3,3,4,4,4,12,13,14,13,4
997,F,18,U,2,0,no,yes,no,no,yes,yes,yes,1,3,1,1,1,2,4,8,8,10,8.67,1
998,F,18,U,3,0,no,no,no,yes,yes,yes,yes,5,4,5,1,4,3,0,11,12,13,12,3
999,F,18,R,2,0,no,no,no,yes,yes,yes,yes,5,3,1,1,1,5,0,5,0,0,1.67,1
1000,F,18,U,2,1,no,no,no,yes,no,no,no,4,4,2,1,2,2,2,9,10,10,9.67,2
1001,F,19,U,1,1,no,no,no,yes,no,no,no,5,5,5,2,3,2,0,5,0,0,1.67,3
1002,F,17,U,4,0,no,no,no,yes,yes,yes,yes,4,2,3,3,1,5,0,18,18,18,18,2
1003,F,17,R,2,0,no,no,no,yes,yes,yes,yes,5,3,3,1,2,2,5,11,11,12,11.33,2
1004,F,18,U,2,0,no,no,no,yes,yes,no,yes,5,2,3,1,2,3,2,8,10,11,9.67,2
1005,F,18,U,2,0,no,yes,no,yes,no,no,no,4,1,1,1,1,4,0,11,11,12,11.33,1
1006,F,19,R,2,3,no,yes,no,yes,no,no,yes,3,5,4,1,4,1,0,8,0,0,2.67,3
1007,F,18,R,3,0,no,no,no,yes,yes,yes,yes,4,2,1,1,1,4,5,14,14,15,14.33,1
1008,M,17,R,2,1,no,yes,yes,no,yes,yes,yes,4,5,5,1,3,2,4,10,11,11,10.67,2
1009,F,18,U,2,0,no,yes,no,yes,yes,no,yes,5,3,4,1,1,5,0,10,10,10,10,1
1010,F,17,R,2,0,no,yes,yes,yes,yes,yes,no,4,3,3,1,2,5,2,12,12,12,12,2
1011,F,17,U,2,0,no,no,no,yes,yes,no,yes,1,2,3,1,2,5,0,15,14,15,14.67,2
1012,M,18,U,1,0,no,no,no,no,yes,yes,yes,3,3,2,1,2,3,2,14,13,14,13.67,2
1013,F,18,U,3,0,no,no,no,yes,yes,yes,no,5,3,2,1,1,4,0,19,17,18,18,1
1014,F,18,R,2,0,no,no,no,yes,yes,no,yes,4,3,4,1,4,5,0,16,15,15,15.33,3
1015,F,18,U,2,0,no,yes,no,yes,yes,yes,yes,4,3,2,1,3,3,6,13,12,13,12.67,2
1016,F,17,U,2,0,no,yes,no,yes,yes,yes,yes,2,3,4,1,1,1,4,15,14,15,14.67,1
1017,F,17,R,2,0,no,no,no,no,yes,no,no,3,2,2,1,2,3,0,13,13,13,13,2
1018,M,18,R,2,0,no,yes,yes,yes,yes,no,no,3,3,4,2,4,3,0,8,10,9,9,3
1019,M,18,U,3,0,no,no,no,yes,yes,yes,yes,4,2,2,2,2,5,0,15,16,16,15.67,2
1020,F,17,R,1,1,no,yes,no,yes,yes,yes,yes,5,2,1,1,2,1,0,8,8,9,8.33,2
1021,F,18,U,1,0,no,yes,no,yes,yes,yes,yes,5,2,3,1,2,4,0,10,10,10,10,2
1022,F,18,R,2,0,no,yes,no,no,yes,yes,yes,3,2,2,4,2,5,0,7,5,0,4,3
1023,M,18,R,1,0,no,yes,no,yes,no,yes,yes,4,3,3,2,3,3,3,9,10,10,9.67,3
1024,F,17,U,3,0,no,no,no,yes,yes,no,yes,3,4,3,1,1,3,8,10,11,12,11,1
1025,F,17,R,1,0,no,no,no,yes,yes,yes,no,3,5,5,1,3,1,4,7,8,9,8,2
1026,F,18,R,3,0,no,no,no,yes,yes,yes,no,5,4,4,1,1,1,0,15,17,17,16.33,1
1027,F,18,R,3,0,no,no,no,yes,yes,yes,no,4,3,2,1,2,4,4,10,11,12,11,2
1028,F,19,R,2,1,no,yes,no,yes,yes,yes,yes,4,3,3,1,1,3,4,7,8,9,8,1
1029,F,18,R,2,0,no,no,no,yes,yes,yes,no,5,4,3,3,4,2,1,13,14,14,13.67,4
1030,F,18,U,2,0,no,no,no,yes,yes,yes,yes,4,1,3,1,2,1,1,16,16,16,16,2
1031,F,17,R,2,0,no,yes,no,no,yes,yes,no,4,5,4,2,3,1,10,8,9,9,8.67,3
1032,M,18,U,2,0,no,no,no,no,yes,yes,no,3,2,4,1,4,2,4,17,18,19,18,3
1033,M,18,R,1,0,no,no,no,no,yes,yes,yes,4,4,3,1,3,5,0,7,7,0,4.67,2
1034,M,17,U,2,0,no,no,no,yes,yes,yes,no,4,4,3,1,1,3,4,14,15,16,15,1
1035,M,19,R,1,1,no,no,no,yes,yes,no,no,4,3,2,1,3,5,0,5,8,0,4.33,2
1036,M,18,R,1,1,no,no,yes,yes,yes,no,no,5,4,3,4,3,3,0,7,7,0,4.67,4
1037,F,18,R,3,0,no,no,no,yes,yes,no,no,5,3,3,1,3,4,0,14,17,15,15.33,2
1038,F,17,U,2,0,no,no,no,yes,yes,yes,no,5,5,4,1,1,1,0,6,9,11,8.67,1
1039,F,18,R,1,0,no,yes,no,yes,yes,yes,yes,4,4,3,2,2,5,4,7,9,10,8.67,2
1040,F,19,R,3,1,no,no,no,no,yes,yes,no,5,4,2,1,2,5,4,10,11,10,10.33,2
1041,F,18,U,2,0,no,yes,no,yes,yes,yes,no,4,3,4,1,1,1,4,15,15,16,15.33,1
1042,F,18,U,2,0,no,no,no,yes,yes,no,no,1,1,1,1,1,5,6,11,12,9,10.67,1
1043,M,17,U,1,0,no,no,no,no,yes,yes,no,2,4,5,3,4,2,6,10,10,10,10,4
1044,M,18,R,1,0,no,no,no,no,yes,yes,no,4,4,1,3,4,5,4,10,11,11,10.67,4